filename,audio_data_mean,audio_data_var,zcr_mean,zcr_var,sc_mean,sc_var,srolloff_mean,srolloff_var,mfcc_mean,mfcc_var,chroma_mean,chroma_var,scale
anchihoye000.wav,-5.9679674e-06,0.005767137,0.04804704032891952,0.04573852224455071,1236.0416850658203,397272.48692832416,2527.4534716683584,2556835.2713879957,-3.7936575,4782.811,0.26850453,0.09330308,AnchiHoye
anchihoye001.wav,2.162468e-06,0.007419832,0.04691951890784321,0.04471807765329978,1246.84413246099,217029.7871521841,2512.5689806172422,2030556.951739848,-3.1630254,3988.4268,0.27221784,0.095269166,AnchiHoye
anchihoye003.wav,3.8913813e-06,0.0059807543,0.045323658143284956,0.04326942415579562,1279.097242649791,327517.3340236249,2737.849051014595,3193764.062811553,-3.9353833,4849.9614,0.29387373,0.09851376,AnchiHoye
anchihoye004.wav,7.1049935e-06,0.007290245,0.04409243982507783,0.04214829657534972,1270.930207532106,266605.0914105155,2655.0439453125,2447221.3822037675,-3.579515,4236.354,0.28164446,0.09733714,AnchiHoye
anchihoye005.wav,-1.3867981e-05,0.008151851,0.04731128136233252,0.045072924018186744,1273.6170304601367,244748.24653782352,2640.627874467467,2295764.3429897367,-3.981096,4098.452,0.26786405,0.09441914,AnchiHoye
anchihoye007.wav,8.584734e-06,0.0088191675,0.049822231105619556,0.047339976393277784,1307.641379538475,228675.08998238205,2697.2173078670057,2066432.9126031063,-3.6382418,3792.9504,0.26788747,0.09357206,AnchiHoye
anchihoye008.wav,1.1176194e-05,0.0035698821,0.039103347592856656,0.037574275799888895,901.1279589872622,138344.8420106968,1605.0159801136363,1002272.7924437562,-6.2814317,7420.588,0.2687961,0.090341024,AnchiHoye
anchihoye1001.wav,2.2069175e-06,0.0010972652,0.09803252949235564,0.08842215265368604,2281.600242342439,335235.6857903936,4895.855215707428,2156495.4779220363,-12.210592,3647.1848,0.28084892,0.092771605,AnchiHoye
anchihoye1002.wav,-5.951388e-06,0.0011070915,0.0948565129435137,0.0858587548957107,2243.557848266279,289696.86070106254,4852.173476108285,2128629.9951530034,-12.266853,3639.9314,0.28092408,0.09434729,AnchiHoye
anchihoye1003.wav,-2.0456064e-06,0.001118954,0.10269886880296802,0.09215181114955878,2340.266161554022,355705.1981867958,4939.581483496169,2291226.863033596,-12.281956,3575.7085,0.28277665,0.09428689,AnchiHoye
anchihoye1004.wav,2.3850034e-06,0.0011315916,0.08827724679289167,0.08048437449155854,2218.7312476298016,278803.51851241046,4875.392612191134,1850832.284669753,-12.224564,3764.7075,0.27958992,0.092017695,AnchiHoye
anchihoye1005.wav,-4.9435366e-06,0.0011280006,0.09195977157821991,0.08350317198950159,2277.784337974497,306251.94966286677,4953.973147182894,2048424.4782569224,-12.370685,3615.502,0.27699518,0.093868926,AnchiHoye
anchihoye1006.wav,1.4626976e-06,0.0011206866,0.09268361376603554,0.08409336150530389,2320.931575481054,362616.9466888265,5100.6399323219475,2256104.3338217596,-12.660305,3634.7485,0.2733902,0.09362353,AnchiHoye
anchihoye1007.wav,1.482077e-06,0.0011199539,0.09511966682428255,0.08607191580751998,2304.657719255614,314143.98811723595,4988.686875727308,2128161.4518208923,-12.2405,3579.1223,0.2818059,0.09346565,AnchiHoye
anchihoye1008.wav,4.382766e-06,0.0012274,0.0909580014306672,0.08268464340640592,2193.755899555403,234966.54117974205,4717.024386030838,2178024.548166362,-11.49597,3376.76,0.3008706,0.0933887,AnchiHoye
anchihoye1009.wav,-1.6582418e-06,0.0010916342,0.09627381860910225,0.08700517045952393,2331.11836630471,371852.4704092647,5051.656068313953,2234284.100041756,-13.054906,3680.256,0.27044088,0.094937675,AnchiHoye
anchihoye1010.wav,-3.512139e-06,0.0011025497,0.09897367814837717,0.0891778891821586,2342.012075447302,570814.3261987121,4992.345348562355,2661277.006478303,-12.864357,3651.557,0.27482823,0.09579147,AnchiHoye
anchihoye1011.wav,-1.6494677e-06,0.0010857716,0.09549096921902823,0.0863724440166389,2267.4086588789332,406721.565795275,4875.292457757994,2676138.17343159,-12.09404,3598.7988,0.30384097,0.09628796,AnchiHoye
anchihoye2002.wav,-0.05294522,0.055206716,0.04615025862799966,0.04402041225656839,981.5014218539186,165017.47666465878,2088.6622797056684,938268.5903956434,-2.809436,3728.3171,0.19645374,0.09338462,AnchiHoye
anchihoye2003.wav,-0.053090055,0.048859913,0.04877287979552034,0.046394085991972076,1008.3700190282344,205036.63404087198,2064.5250613190406,1093323.9754047084,-2.5907848,3757.6226,0.20984554,0.09551505,AnchiHoye
anchihoye2005.wav,-0.05311322,0.046957873,0.044681070333054476,0.04268467228694711,957.0172820958255,186399.87142689739,2003.5902119496702,950374.6001451719,-2.2954755,3743.3142,0.21650824,0.09843255,AnchiHoye
anchihoye2006.wav,-0.05332011,0.042929634,0.038853254351855215,0.03734367897812526,854.7151321001587,144153.78971807525,1875.6421466206396,917376.1319652513,-1.5873244,4043.1501,0.21972647,0.09717212,AnchiHoye
anchihoye2007.wav,-0.04181957,0.028358744,0.03600572084041179,0.03470930890717414,814.2892073538197,159781.25692690234,1801.5513470577994,973111.9793355976,-3.6110883,4787.8774,0.22554402,0.09916642,AnchiHoye
anchihoye3000.wav,-0.014478884,0.07802175,0.13237196928472098,0.11484963103240588,2239.1695004899348,3609817.5345601216,4125.88995205554,5563764.657651707,1.130169,2446.0088,0.3609464,0.096595034,AnchiHoye
anchihoye3001.wav,-0.020135133,0.11896964,0.06717164369112137,0.0626596139749544,1837.8215779475672,369071.0925813855,4095.501637958204,2224179.293534824,6.4692044,871.2372,0.3109075,0.094004884,AnchiHoye
anchihoye3002.wav,-0.016407503,0.13230787,0.06384840886240022,0.05977178954814,1759.342840290486,376325.40157711424,3861.4959007085754,2293494.944389428,5.671465,953.1387,0.28598443,0.09154857,AnchiHoye
anchihoye3004.wav,-0.018181104,0.12060908,0.0608305774612058,0.05713021830694206,1666.558781161636,561641.7499056058,3514.193711391715,2788720.6112599904,5.9916987,1071.7966,0.33439848,0.092409275,AnchiHoye
anchihoye3006.wav,-0.019318378,0.12203529,0.07101094382973577,0.06596838968614589,1885.0211408576781,360205.06333904545,4173.902500090632,2418505.359156602,6.454749,826.20325,0.31174013,0.09264208,AnchiHoye
anchihoye3008.wav,-0.019334607,0.1274158,0.062165824027934385,0.0583012343508623,1652.2523649399554,321845.7504451047,3529.2151475526084,1931168.1900458594,6.6587496,1007.01324,0.31906945,0.09220953,AnchiHoye
anchihoye3009.wav,-0.017886655,0.13421403,0.06155285823309227,0.05776410387642911,1634.587866875354,447698.18589904316,3458.9668877180234,2490793.1384449587,7.1843195,1025.2656,0.3384141,0.0927565,AnchiHoye
anchihoye3010.wav,-0.01775522,0.13463001,0.05008850737763552,0.047579648806316086,1482.2208728307266,379137.5669225371,3109.4179187475756,2168671.4741888116,6.0883102,1189.4832,0.30979386,0.09434733,AnchiHoye
anchihoye4000.wav,-8.928274e-05,0.005119502,0.08430225527540963,0.07719538503088928,2087.642317726626,1194665.042848113,4228.609825895446,4354062.869482923,-6.117726,4981.5596,0.26960766,0.09796423,AnchiHoye
anchihoye4007.wav,-0.000100321304,0.009600151,0.06530601728924938,0.06104114139506566,1753.411362884227,393992.692994152,3740.788473835095,2878239.0919088614,-1.1277705,2704.284,0.25644684,0.08639598,AnchiHoye
anchihoye4008.wav,-7.509867e-05,0.013611335,0.06783393348609949,0.06323249095390292,1638.9562530639919,321640.60346689855,3459.9380386624807,2341327.258361891,-1.7161181,2476.0564,0.25539953,0.089293756,AnchiHoye
anchihoye4010.wav,-7.062277e-05,1.7666665e-05,0.12222316672333673,0.10728466423945618,2892.206419037506,666757.9825758305,6508.41064453125,2183418.702709934,-24.609896,19767.248,0.54249823,0.08059543,AnchiHoye
anchihoye5000.wav,-9.824113e-05,0.08394584,0.06025813902863777,0.056627095709443145,1856.3413105331622,553646.5293366576,4128.154851997535,3182881.905922781,5.26479,1466.8094,0.43227318,0.09777531,AnchiHoye
anchihoye5001.wav,0.00012889491,0.09446109,0.0967053865131579,0.08735345473249867,2461.594098570897,359359.22459334746,5652.557415530742,2047225.3426549002,5.559195,665.35675,0.37973022,0.08983137,AnchiHoye
anchihoye5002.wav,1.3593008e-05,0.09353373,0.11011120114164087,0.09798672452478598,2734.5028379208793,468469.16437006625,6190.121424557715,1886392.530403196,5.381734,520.20264,0.37248164,0.09174481,AnchiHoye
anchihoye5003.wav,-0.00014522404,0.10094297,0.1053326964009288,0.0942377194698385,2520.9153030521597,471473.40962924226,5599.790242985064,2237184.0505065196,5.6854053,625.6372,0.37233797,0.09400149,AnchiHoye
anchihoye5004.wav,0.00012763898,0.10301709,0.09457236842105263,0.0856284355522853,2451.779744060095,198000.54813959042,5791.798800935325,1150322.6030195367,5.727449,654.1034,0.35412332,0.09402294,AnchiHoye
anchihoye5005.wav,-7.971955e-05,0.113761015,0.10440904363390092,0.09350779524135508,2559.262750562657,220748.13088643542,5740.780264374275,1081796.8756489542,6.318014,514.246,0.31996194,0.092674986,AnchiHoye
anchihoye5006.wav,-5.882675e-05,0.095515735,0.09630176083591331,0.08702773169581585,2475.453841896221,291054.47208928684,5631.357285926624,1553494.888893892,5.502854,628.15906,0.3620209,0.09221038,AnchiHoye
anchihoye5007.wav,-2.3203056e-05,0.09238511,0.10495325803018576,0.09393807165903502,2620.0672318547345,490793.5188806761,5943.946785274072,2127610.529310509,5.5191045,593.7132,0.37963125,0.09134409,AnchiHoye
anchihoye5008.wav,-2.3542636e-05,0.09704941,0.1094006990131579,0.09743218606859037,2623.802492863673,288611.72993946314,5821.075963420823,1526334.7990126163,5.565042,531.92114,0.36191893,0.088205904,AnchiHoye
anchihoye5009.wav,-0.0001157784,0.09675121,0.0971422697368421,0.08770564916721672,2473.4183097422997,325772.35564917524,5588.249245486514,1736560.2940062894,5.669618,646.30035,0.36796156,0.090623334,AnchiHoye
anchihoye5010.wav,8.600479e-05,0.098500185,0.10153075416021672,0.09122226011987437,2505.3011131528224,377724.96374649735,5583.2115084831785,1582211.629173289,5.614728,608.3213,0.35286936,0.09060088,AnchiHoye
anchihoye5011.wav,-9.0216345e-05,0.092339866,0.09962298035990712,0.08969824214411666,2550.7898438266593,294463.1839479332,5818.494643633991,1463105.8578688134,5.4236145,648.50916,0.35071024,0.092007875,AnchiHoye
anchihoye5012.wav,-8.9958005e-05,0.10380679,0.10112410506965944,0.09089802044351993,2557.0204824439516,308754.3895640327,5775.961155017401,1626312.4689457633,5.913821,573.697,0.34124058,0.08992373,AnchiHoye
anchihoye5013.wav,-0.00016463685,0.10207896,0.09522240228328173,0.08615509638668258,2409.9043051992503,263543.93202363903,5479.117706369635,1745749.1109439542,5.6985745,658.3659,0.35393944,0.09162652,AnchiHoye
anchihoye5014.wav,-0.00012235335,0.09983838,0.10050279363390092,0.09040198210568248,2508.7582476796265,307988.2959735463,5671.925640770011,1635162.2569500487,5.724093,633.0441,0.35080013,0.093377896,AnchiHoye
anchihoye5015.wav,-5.46172e-05,0.09985939,0.10126015866873066,0.09100653893511414,2524.04701684108,271025.70217407425,5705.799217843677,1497454.8571917305,5.859265,605.98425,0.34086433,0.09075959,AnchiHoye
anchihoye5016.wav,8.391897e-05,0.10195422,0.1023969620743034,0.09191182423225708,2580.8047925523942,240379.04919872733,5827.346072451421,1110578.3888650602,5.8348255,556.9109,0.33180827,0.09312107,AnchiHoye
anchihoye5017.wav,-5.2013715e-05,0.10193775,0.10677032943111456,0.09537042618428584,2581.9937857563723,440716.9127334607,5783.097255202291,1752838.9674773877,5.2916894,608.302,0.3370618,0.093857124,AnchiHoye
anchihoye5018.wav,-0.00014864824,0.10548794,0.11636513157894737,0.10282428773156162,2772.1528903082594,576096.9387618678,6278.9937667669665,2295695.655659372,4.8009725,572.7754,0.32464528,0.09020071,AnchiHoye
anchihoye5019.wav,0.00011297924,0.0826457,0.1036093508126935,0.0928744532368657,2570.7261539297397,647601.5799145723,5737.749295334252,2276863.366641725,1.5908407,1151.0406,0.35430723,0.099546514,AnchiHoye
anchihoye5020.wav,6.605223e-05,0.0759993,0.13036655863003097,0.11337111902099362,2898.1069738680894,629786.9939750021,6091.190262017836,1660695.8152189793,0.6914691,1129.1095,0.32295403,0.09504321,AnchiHoye
anchihoye5021.wav,5.3331456e-07,2.2228684e-07,0.6318751156907509,0.23260895386155103,6591.145101105319,4071831.7927170713,8929.184673108553,4680628.653024864,-46.113777,42394.04,0.53369075,0.095787056,AnchiHoye
anchihoye6000.wav,1.843909e-05,0.031253867,0.13715714493034056,0.11834506252489811,3418.8585819317436,738747.5187248784,7625.385187064965,1226253.9786509976,5.607879,883.866,0.48996142,0.078524396,AnchiHoye
anchihoye6001.wav,-4.6265202e-05,0.03403784,0.15904212219427244,0.1337477255622145,3263.4878598635596,550185.1671737457,7270.35379431917,1620490.6848604858,4.903448,712.4149,0.3849429,0.08102692,AnchiHoye
anchihoye6002.wav,-2.3462882e-05,0.035937816,0.17744261561532507,0.14595673377891707,3529.7994344358804,381565.95299081993,7726.031678237384,501272.5224439795,5.4875255,414.38605,0.38748026,0.07907867,AnchiHoye
anchihoye6003.wav,-1.0552934e-05,0.037271697,0.14925079818111456,0.12697499742341475,3453.7886649662355,470620.17056603846,7725.582028984194,503551.6246177669,5.912708,492.66656,0.40579268,0.08664537,AnchiHoye
anchihoye6004.wav,-2.4646295e-05,0.04051759,0.14742616824690402,0.12569169316293954,3431.9468301830284,467683.98161989043,7698.994435179814,503845.3722771487,6.0594783,446.11136,0.40653303,0.085109524,AnchiHoye
anchihoye6005.wav,-2.783895e-05,0.033007342,0.1677586227747678,0.13961566725948096,3679.6266045025977,383290.2420342839,7914.5596178944315,364157.62629909464,6.2273293,472.8008,0.4644839,0.074393764,AnchiHoye
anchihoye6006.wav,8.498377e-05,0.015806058,0.17114484568498453,0.14185428748044737,3338.557156793455,512736.21533205465,6739.409621519721,1803412.2602810978,-5.4403496,1999.1307,0.35368288,0.08532723,AnchiHoye
anchihoye6007.wav,3.3626259e-06,0.010788082,0.0915444199883901,0.08316403915737935,1806.595916894383,1897219.5602406722,3513.2594982598607,6824163.249056017,-7.1938467,4060.2344,0.35790586,0.10109436,AnchiHoye
anchihoye6008.wav,1.5796708e-05,0.0030669433,0.23299632352941177,0.17870903675118946,3759.2672687997256,558991.6694674839,7098.82093106511,733088.7008758511,-11.437323,3374.7686,0.40783942,0.09620592,AnchiHoye
anchihoye6009.wav,1.3521188e-05,0.004780983,0.16988710574690402,0.14102547704784432,3148.038786948266,573219.1758887122,6232.846430448811,1858840.4473054095,-9.410524,2110.324,0.35902303,0.087304324,AnchiHoye
anchihoye6010.wav,-5.6719737e-06,0.031321187,0.17953481762770898,0.1473020668870942,3768.4901993337094,435171.26554316276,7835.3131004386605,512887.35754155135,5.4087806,484.76727,0.45512885,0.073265195,AnchiHoye
anchihoye6011.wav,-4.876411e-05,0.03723702,0.17217431791795665,0.14253032216744307,3462.990264378811,650696.8590960879,7469.831525975203,1530959.3548055452,5.7044826,639.21344,0.40894824,0.0789746,AnchiHoye
anchihoye6012.wav,-6.378818e-05,0.039589733,0.17881675696594426,0.14684132439412673,3613.026386591088,301657.858761131,7818.26806300754,364578.61842370033,6.1283875,361.7897,0.39669725,0.07734772,AnchiHoye
anchihoye6013.wav,-0.00011467237,0.036065567,0.1879822344233746,0.15264491396457003,3841.4278790591343,352234.2901240381,8064.392741263051,284957.76637170697,6.14708,359.20377,0.4653813,0.07412505,AnchiHoye
anchihoye6014.wav,0.00014408915,0.018712321,0.35876511721212817,0.23005270788389603,4392.794118047287,6551365.352477199,7057.763671875,9203018.615429219,-10.39061,8158.158,0.51393545,0.080178425,AnchiHoye
bati001.wav,1.4259042e-05,0.017306395,0.06701615724955658,0.06252499191705928,1869.8631371017523,164174.72889715954,4011.0014307776164,936933.030044549,0.7994872,1438.6592,0.3233682,0.090500526,Bati
bati002.wav,-3.868895e-05,0.016162213,0.05535149250453272,0.0522877047820534,1691.0712559581987,104923.86203105056,3638.260015443314,705482.1324801819,2.044531,1640.8198,0.36355165,0.08764735,Bati
bati003.wav,1.6595142e-05,0.014732878,0.061825743725103216,0.058003321137941086,1779.2909244248783,118313.11777210665,3822.969188734508,665597.6281076615,1.6531453,1590.5498,0.3722634,0.08811549,Bati
bati004.wav,3.383098e-05,0.015620314,0.07230092744763321,0.06707350333784531,1947.264131774425,155289.2115299115,4193.649732013081,811727.535648511,1.0914819,1430.3934,0.3439301,0.08936668,Bati
bati005.wav,5.0491333e-05,0.017042425,0.06469110071357273,0.06050616220203912,1867.5332582378987,153662.6198846898,4091.400401980378,864163.0023500642,1.2791382,1423.7478,0.3384528,0.08991171,Bati
bati006.wav,2.5741601e-05,0.016045798,0.0575265942541567,0.05421728520767434,1758.6427068032672,114994.58824083509,3794.4925849382266,634983.0508127962,2.203202,1579.0964,0.37252155,0.088767506,Bati
bati007.wav,-6.4204337e-06,0.016168231,0.06741654659708685,0.06287155584200962,1873.7855041925668,155734.50226375638,4014.2410762913923,783210.8206744896,1.4029713,1410.3568,0.34314826,0.087753855,Bati
bati008.wav,1.7378672e-05,0.016555717,0.06137846316035014,0.05761114742042372,1801.5315693425223,151973.8388154963,3969.7544967296512,1116105.4739828173,2.2601676,1533.1057,0.37004477,0.08779234,Bati
bati009.wav,-4.7131583e-05,0.015952883,0.06528486107976535,0.06102274799356108,1818.6993381625691,145802.1863623686,3989.5016124636627,955910.5834155807,1.995612,1469.4341,0.3655393,0.08598051,Bati
bati010.wav,3.4426197e-05,0.016387224,0.06553932980813361,0.0612439260564343,1892.055911202448,226412.20352912392,4162.384856468023,1232786.2659822868,2.2756815,1448.8386,0.37893918,0.08632047,Bati
bati011.wav,6.641751e-05,0.015954547,0.0640488701134052,0.05994661235060134,1823.1901583587924,150034.3026388556,3985.9461300872094,928302.9089088631,2.39022,1439.4344,0.39605692,0.08618042,Bati
bati012.wav,9.185093e-06,0.0073630596,0.11653910411860666,0.1029577413298392,2455.3736872055715,1048434.6293341601,5071.0776821402615,2167075.201592815,-3.312429,2301.301,0.39357814,0.08985217,Bati
bati013.wav,-8.488469e-06,0.0044094604,0.15709808709192227,0.13241827812398108,3107.644428262635,335385.1069363256,6152.436750545058,1063915.3517184737,-7.5579576,1609.5748,0.31476858,0.08820967,Bati
bati014.wav,9.651443e-06,0.005254384,0.13999869736246193,0.1203990620992757,2844.8728250996774,174726.65017338257,5686.785406068314,1401497.5544667616,-7.6051607,1535.2904,0.29149702,0.08919231,Bati
bati015.wav,-1.27518715e-05,0.0048690266,0.14325226181802758,0.12273105130204687,2918.5129271723763,200744.37459144238,5814.090036791425,1252164.7730261297,-7.9128623,1394.7465,0.30806586,0.087580875,Bati
bati016.wav,9.223662e-06,0.0049380865,0.14328558510388534,0.1227548262053226,2891.659788846145,176826.4130922627,5759.205407430959,1159108.0808913568,-7.636329,1414.1769,0.2921441,0.087182514,Bati
bati017.wav,-1.9748699e-05,0.0051187146,0.1326539422204517,0.11505687383382478,2734.2144802840903,198616.69634951008,5410.976789607558,1414636.3327425064,-7.1274686,1546.7383,0.32813224,0.088357255,Bati
bati018.wav,6.155332e-06,0.0049792384,0.13693446975836074,0.1181834207503573,2832.967028068473,186424.56399239344,5678.61447356468,1172007.5623240226,-7.446727,1506.6348,0.3086493,0.088881925,Bati
bati019.wav,-3.2233804e-06,0.0051301545,0.13918076216413536,0.11980947760754578,2839.007559809721,180627.17446269194,5599.40066315407,1051426.7575553327,-7.190935,1473.8898,0.30770594,0.086353205,Bati
bati020.wav,-6.177218e-06,0.004921598,0.15504416092723558,0.13100546908960511,3103.0421088509784,254715.11586814764,6298.278297601744,851449.4604916236,-6.899641,1517.9387,0.29418007,0.0870595,Bati
bati021.wav,-1.0575166e-05,0.0050416943,0.14322954139585187,0.12271483986738584,2897.188931278211,220305.5114922616,5815.567314680233,1101576.4978921753,-7.0657806,1531.4904,0.30784535,0.08919284,Bati
bati022.wav,1.3232538e-05,0.004941244,0.13262061893459395,0.11503239036799921,2839.518177780094,226173.1184312079,5808.907044876453,1358374.588683517,-7.2424417,1457.4386,0.30330837,0.08791754,Bati
bati023.wav,1.2733663e-05,0.005013383,0.14402021208756755,0.1232783905978196,2853.1145324106774,156352.52235569208,5605.134504451308,1165294.5209351566,-7.6054077,1395.4443,0.31380236,0.08752181,Bati
bati024.wav,-5.7143498e-06,0.0051397835,0.14817956404053928,0.12622238084129503,2869.7604497229163,155819.84551556813,5580.179358194041,890167.7058765634,-7.122477,1428.9037,0.312777,0.08523086,Bati
bati025.wav,2.0664302e-05,0.003014843,0.15858551739702725,0.13343615106894446,3187.5703075061774,482760.67729392485,6304.320948401163,1101025.5250569226,-11.147316,3794.219,0.2759524,0.09563133,Bati
bati026.wav,3.0184472e-06,0.0026132127,0.1558652687230532,0.1315712867289436,3204.5947478563576,395350.78768778057,6170.41268835865,873332.562845236,-7.4677978,3558.8672,0.31002584,0.08870557,Bati
bati028.wav,-3.5599394e-06,0.0027281172,0.1235374445941593,0.10827594437730434,2887.3001588034754,402593.2007184967,6186.045927159927,754003.2054306412,-7.418707,3266.3464,0.31041616,0.09301124,Bati
bati032.wav,5.9766985e-06,0.0029067162,0.12496502872559383,0.10934877032120535,2917.1117126992613,444551.3917145788,6226.987346259433,889548.4866642529,-7.315284,3196.625,0.30745634,0.092710964,Bati
bati033.wav,2.1837091e-05,0.0027776714,0.12153217281631801,0.10676210378686266,2898.2208814191963,326826.27419076295,6199.5291789618805,620992.4620865958,-7.2698784,3220.8,0.31294048,0.09110661,Bati
bati036.wav,-2.4769039e-05,0.002893813,0.13483562366825608,0.1166549782582485,2935.299344665622,469497.1045778535,6174.879328016157,476537.16715024423,-6.585828,3100.193,0.33010834,0.093500294,Bati
bati037.wav,-4.0141575e-05,0.003014612,0.13469951924894558,0.11655555876304857,2944.5105873412176,430529.4583372149,6124.246300853812,453444.8508676877,-6.90044,2988.8252,0.32514262,0.09196935,Bati
bati038.wav,4.0756513e-06,0.0021412477,0.15843038629232234,0.13333019899158788,3232.7959170774325,698804.6420252927,6525.337518121778,1076085.2436676505,-8.609519,4051.7725,0.3470373,0.0916018,Bati
bati1000.wav,5.147887e-05,0.06898786,0.0808747582256218,0.07433403170756903,1997.1042170559313,847999.5199822652,4486.922868191274,3078430.8832422146,-1.7621485,1335.9669,0.30958712,0.092755,Bati
bati1001.wav,2.18815e-05,0.05446515,0.12345823001852471,0.10821629545921774,2761.1239073728407,754542.5242159169,5939.191269985465,3185381.264966059,-4.6154313,849.3392,0.27850133,0.0894395,Bati
bati1003.wav,-2.104096e-05,0.08570478,0.0875872274874697,0.07991570506852792,2308.759429985464,466476.86818903196,5322.1481536155525,3213293.5103063555,0.09139972,819.76715,0.2996653,0.09130309,Bati
bati1004.wav,-1.2455213e-05,0.08753735,0.09699859509993845,0.08758986764857661,2352.8849028859095,605203.2104800671,5282.243058998887,2817270.8271361343,0.4043636,733.97925,0.30188805,0.08997631,Bati
bati1005.wav,-5.812158e-05,0.08924027,0.08695106441217257,0.07939057680976279,2256.0783241944837,383466.9219805437,5124.269014246323,2454730.2547408743,0.22228332,752.4374,0.28937864,0.08948966,Bati
bati1006.wav,-0.000102299615,0.058242157,0.11802804911852335,0.10409742873979876,2632.8454684139556,669699.9661727692,5688.71337890625,3131129.6914736894,-2.5907555,841.03156,0.28560868,0.08899494,Bati
bati1007.wav,-0.000103787934,0.08228482,0.0968889683262168,0.08750149614289812,2358.91118496586,506500.3123069935,5264.542662154797,3187665.8232869715,-1.1976041,829.20044,0.2827055,0.09021455,Bati
bati1010.wav,-2.6615871e-05,0.035493143,0.07057473816661115,0.06559394449932544,1877.9228247548938,835835.3514636953,4097.043225740132,3828867.5893812524,-8.417106,4155.212,0.29589373,0.0907271,Bati
bati2000.wav,9.198198e-06,0.023051944,0.11203216639458251,0.0994809600875191,2337.3668767638665,1136064.6365466095,4847.7435401863395,4533610.972934006,-2.3689046,2910.728,0.35637778,0.10232409,Bati
bati2002.wav,-4.7400023e-05,0.03938157,0.12716532810020473,0.11099430742937198,2633.1984613233785,807680.580367895,5316.230695857558,2931213.169397813,0.95472604,1102.2618,0.3375573,0.09432236,Bati
bati2004.wav,-1.8987641e-05,0.036340013,0.14825986359947185,0.12627887644493785,2904.679134365086,1044864.7846661083,5885.358262172965,3622996.6784266797,0.86286944,985.71783,0.34624565,0.095410146,Bati
bati2005.wav,-1.0821816e-05,0.03606268,0.11735411438063022,0.10358212621856817,2502.7499813999516,539208.9984921727,5173.247642309931,2548251.9176644688,0.56820995,1195.6329,0.33126137,0.09254488,Bati
bati2008.wav,-2.478895e-05,0.030198522,0.11124953018344064,0.09887307221740438,2451.294186519568,382901.83297803096,5041.7597898686,1832658.998546249,0.9740486,1209.2064,0.35087213,0.093687706,Bati
bati2010.wav,-0.00010660508,0.03900938,0.1193243128553935,0.10508602121698166,2607.5727556691663,464250.5039786372,5429.674847871412,1974749.022955216,1.2434851,1070.092,0.35392773,0.09645903,Bati
bati3000.wav,4.0425475e-05,0.020097548,0.07580713701329438,0.070060414991142,1890.6578207399982,412890.8545914877,4078.3503387734618,3895492.0079403277,-3.2860942,3257.962,0.28249666,0.09402957,Bati
bati3001.wav,5.0370236e-05,0.04577582,0.08858541136839045,0.08073803626108346,2109.4409312711814,352494.90809380554,4702.425906159157,2923824.9416430006,1.175443,1370.4777,0.3064905,0.09206255,Bati
bati3002.wav,4.659641e-05,0.04440488,0.08704951082931056,0.07947189349368827,2154.294562278811,265876.1019528128,4864.65939543968,2140737.717038496,0.9277256,1187.5181,0.29581365,0.09082252,Bati
bati3003.wav,-2.9315072e-05,0.043431383,0.09527430365692768,0.08619711071961521,2234.367932662788,232864.3740983621,4951.050940225291,1450701.3746514844,0.8805468,1094.8452,0.2820042,0.09045968,Bati
bati3004.wav,2.0871303e-05,0.046351526,0.09941244988253542,0.08952961469088777,2304.4514137913234,252561.85093318336,5113.10915924782,1412333.8610266175,1.0936805,1022.22906,0.285825,0.09079848,Bati
bati3005.wav,-7.0540016e-05,0.04712544,0.10674357277124019,0.09534938244327114,2382.3940477607744,283024.51591095084,5170.881574763808,1546934.3736058928,1.2496134,1001.8497,0.29208884,0.09160981,Bati
bati3007.wav,3.8357393e-05,0.047450356,0.09487896831106984,0.08587694968329684,2201.614162847476,234847.8659726543,4795.778184047965,1472286.194595651,1.3629731,1043.2505,0.27834418,0.091054626,Bati
bati3008.wav,1.4535671e-05,0.009960353,0.13756918842355872,0.11864390682004214,2502.960746120932,2063084.1469973659,5006.193092401079,3212600.531444176,-5.4931397,3425.551,0.30618998,0.09562174,Bati
ambassel000.wav,-5.9181602e-06,0.0055884905,0.061820139522152505,0.05799840987161408,1184.3246281914385,856065.5612825913,2401.602144507063,2021917.9799032588,-7.4707317,5958.7104,0.31294042,0.086893134,Ambassel
ambassel001.wav,-1.4628213e-05,0.008665693,0.0773330187808976,0.07135262298713096,1254.3701335394696,60711.851467216555,2592.9676540126743,396739.38165019,-4.3820744,4873.814,0.31718805,0.08339614,Ambassel
ambassel002.wav,4.8222914e-06,0.012982916,0.09086331033168647,0.08260716916725412,1360.905887484642,57579.23376088479,2735.075128041554,307984.632181868,-4.0610948,4109.3315,0.2765842,0.084111586,Ambassel
ambassel003.wav,-5.2605344e-07,0.014058916,0.0807129451937749,0.07419836567192155,1311.396594437305,67230.29457466213,2595.775970364503,399932.0846356192,-3.8830884,3931.674,0.27284145,0.083984256,Ambassel
ambassel004.wav,-1.0672429e-06,0.015268425,0.08495184171963396,0.07773502630807623,1369.093523901007,102907.00941488,2724.7335239091526,578194.3349547775,-3.7461843,3925.874,0.28688553,0.0864962,Ambassel
ambassel005.wav,-2.5345165e-05,0.012465112,0.06982156710628394,0.06494651587310662,1168.4363992985918,56680.075580286146,2277.0862307710913,454490.94127207383,-3.8744576,4164.973,0.27244928,0.08327258,Ambassel
ambassel006.wav,7.710604e-06,0.01527667,0.0885339117447921,0.08069565821595744,1332.0150000556134,65228.36310899902,2588.8001339934594,334292.93408417393,-3.8006217,4035.73,0.25814214,0.08429509,Ambassel
ambassel007.wav,3.4688564e-05,0.015816886,0.07531564883245093,0.06964320187339787,1304.3401607653318,53935.29926290409,2675.1004906999806,429278.6059063033,-3.7801943,3909.1904,0.2654803,0.08534051,Ambassel
ambassel008.wav,-1.4678655e-05,0.015373887,0.07082420299520459,0.0658081352652986,1307.4355755797894,52776.405449135884,2720.2668842516446,461895.43089059833,-3.881026,3936.137,0.27367863,0.08539766,Ambassel
ambassel009.wav,6.8493623e-06,0.013136813,0.06976258852458272,0.06489576976693247,1144.461391938,56213.24277924307,2216.103266193402,429704.60186552024,-3.5833766,4150.776,0.27015716,0.08347971,Ambassel
ambassel010.wav,1.7562774e-06,0.014363612,0.07763396077470636,0.07160692890913775,1228.136193897036,64062.63617857344,2353.7357672818307,383126.4862813196,-3.8118134,4070.4446,0.26910082,0.082976066,Ambassel
ambassel011.wav,7.365879e-06,0.015567009,0.07608690720854373,0.07029768975998218,1248.3322372728992,64309.25937094721,2440.5602422661086,465767.15899739193,-3.8599722,4079.4207,0.27400395,0.08521596,Ambassel
ambassel012.wav,5.415501e-06,0.016502896,0.07382001249136115,0.06837061824713649,1264.9338340315546,51228.4214826358,2524.751399840364,381599.5178036699,-3.5513718,3782.2275,0.28071588,0.08573308,Ambassel
ambassel013.wav,1.3737383e-06,0.01805731,0.0723773056466699,0.06713883127399842,1274.9298536844162,60452.68007869214,2586.2843610922987,470432.24014845095,-3.6190884,3718.48,0.2657326,0.08506189,Ambassel
ambassel014.wav,-9.080075e-06,0.010679486,0.06612557598634117,0.06175298418681578,1480.9881193805954,245114.0388561012,3313.3299647470008,2069080.4667535452,-5.0720067,3931.6536,0.2972967,0.088650994,Ambassel
ambassel016.wav,4.5486963e-06,0.004666091,0.08253269090077386,0.07572104583345118,2039.793297652797,345691.59009213455,4799.049895530523,1433719.1655344546,-2.5927372,2706.4788,0.3188233,0.08769347,Ambassel
ambassel017.wav,-1.7240485e-05,0.0036467547,0.08816281151592172,0.0803901301815298,2184.8525596393597,440022.32085887867,5062.514478106831,1391229.5807652404,-3.5216098,2667.4902,0.33608496,0.08617664,Ambassel
ambassel018.wav,-8.752173e-06,0.0054449914,0.08787804889131913,0.08015549741437407,2165.5940896743396,410445.6430896731,5001.545466933139,1489120.9529509344,-2.3866389,2786.8037,0.31011346,0.0903141,Ambassel
ambassel020.wav,7.638213e-06,0.0055883066,0.08412614984269895,0.0770489407553427,2057.55787451415,426490.6684788023,4766.32443450218,1897268.2389464134,-2.439428,2780.769,0.30390316,0.08818772,Ambassel
ambassel021.wav,1.28945185e-05,0.004539701,0.08057930040803478,0.07408627675378647,2011.6543969636916,268833.2198096884,4800.619977246321,1450004.3214883283,-2.2332537,2618.411,0.35075614,0.08562203,Ambassel
ambassel022.wav,1.6790767e-07,0.0029624423,0.06644814669516312,0.062032790495941216,1891.234008573979,207367.67136761764,4650.40402434593,1504685.5807033728,-3.6632948,3212.1643,0.3567239,0.08401702,Ambassel
ambassel023.wav,9.132118e-06,0.0042773667,0.08439425082437266,0.07727186125216554,2071.085942454552,429677.9489422544,4822.569494912791,1574734.1695140542,-3.0411913,2626.2249,0.32776546,0.08591875,Ambassel
ambassel027.wav,3.464032e-07,0.0016436034,0.08181690326151557,0.07512289760221139,1685.5990986803297,582042.2946793181,3499.4955056961107,3615551.3985451413,-6.101131,5145.0093,0.28108823,0.0875011,Ambassel
ambassel028.wav,-6.754392e-06,0.008236839,0.10525917185575864,0.09417967859599854,2080.3948811068826,282501.69232511666,4281.20974518532,1850540.7944917325,-3.8239083,2748.6714,0.23861237,0.08646666,Ambassel
ambassel030.wav,-1.3352779e-05,0.0107915895,0.13255814305179378,0.11498648176245398,2378.1616606405396,352228.90495443717,4742.612988734762,1575924.7624589496,-3.0654793,2120.655,0.2590962,0.089386545,Ambassel
ambassel031.wav,1.829518e-05,0.0044480753,0.09832033756704725,0.08865344878774913,1940.366377908544,302765.57105159946,3963.518790696408,1941543.1492143294,-4.231566,3092.804,0.26068833,0.088124976,Ambassel
ambassel033.wav,-2.1145504e-06,0.012722509,0.13439432655911324,0.1163324915478357,2386.9700635398285,291225.11038817576,4850.712890625,1562248.938492287,-2.8509254,2053.3667,0.25560603,0.08842683,Ambassel
ambassel034.wav,-1.5344274e-05,0.009183182,0.11905658465619268,0.10488211430619553,2225.0677795402476,311187.33569706115,4482.172896913699,1562036.4802122093,-3.3895128,2277.3718,0.26441005,0.08888965,Ambassel
ambassel036.wav,4.544557e-06,0.010755382,0.11965786073592963,0.10533985710003045,2256.079987628557,362420.9093037366,4646.840195766715,1928746.1839458535,-3.1962497,2375.281,0.24865557,0.08854149,Ambassel
ambassel039.wav,1.740506e-05,0.0021350647,0.11513224056607341,0.10187680774830918,2909.2560434905326,1826479.0058455025,6216.787407937065,6694560.365560035,-8.343571,5727.139,0.34105173,0.098803736,Ambassel
ambassel041.wav,4.23718e-05,0.004191539,0.10933067150965088,0.09737747577689967,2907.0033746138397,1053056.325673962,6775.614325944767,2861771.477420115,-3.3183594,2750.4087,0.3219042,0.09130652,Ambassel
ambassel042.wav,9.102494e-06,0.0049243863,0.12623920969283503,0.11030287162896349,3090.5930454764652,1085342.8834716596,6857.098303506541,2448279.814411554,-3.6572917,2434.8052,0.30192038,0.09385234,Ambassel
ambassel044.wav,2.0316269e-05,0.0041084005,0.12729040789216584,0.11108755995081186,3079.727250553223,782978.4891202138,6883.705997910611,2127147.354696237,-3.4778538,2290.2463,0.3024078,0.08931005,Ambassel
ambassel045.wav,3.1045947e-05,0.0043951985,0.1220056376940892,0.10712026206494783,2899.7878060041407,834857.9988421774,6446.6737827034885,3007042.2016088995,-2.7890985,2146.4795,0.3167705,0.08899558,Ambassel
ambassel046.wav,7.896909e-06,0.0042462638,0.12262080614110496,0.1075849440424105,2882.1762858920074,768890.7586089473,6436.426197291344,2860359.0852809935,-2.8429272,2012.461,0.332872,0.0888205,Ambassel
ambassel047.wav,-3.904183e-05,0.0035435634,0.11641035505961081,0.10285898429450613,3027.603237102097,950340.3893559474,6888.263024618459,2507023.4899318074,-3.6749482,2469.1301,0.34025952,0.091525055,Ambassel
ambassel048.wav,-1.8196184e-05,0.0046102693,0.1219662556289846,0.10709048811682977,3007.103864340529,1045025.5445541127,6776.7160247093025,2858067.4910021964,-3.5997057,2507.2725,0.32691416,0.091599025,Ambassel
ambassel049.wav,-3.9141187e-06,0.0046169194,0.12660273644764686,0.11057448357161456,3225.7357456913946,1212071.9837854512,7158.654955486919,2471487.786064978,-4.0187154,2870.205,0.33026677,0.09380078,Ambassel
ambassel050.wav,2.6699747e-05,0.0043704826,0.11783517574554128,0.10395004710255872,2975.393708503432,948965.8540723037,6718.851419533065,2651555.5367907127,-3.3119144,2399.5579,0.31727263,0.09129994,Ambassel
ambassel051.wav,2.6818305e-05,0.0038466728,0.12095141010513497,0.10632216649871447,3066.905709696243,866219.274308758,6941.912415970203,2224584.8463638495,-3.597931,2537.7432,0.31524453,0.0916667,Ambassel
ambassel052.wav,2.5119001e-05,0.004312525,0.13213137251040974,0.11467267290892516,3001.673000121835,941624.7773256635,6652.32421875,2915313.566913161,-3.2245939,2334.6633,0.3352768,0.0898839,Ambassel
ambassel053.wav,-2.7232193e-06,0.004130219,0.1268647786500737,0.11077010658814145,3025.620758237992,890077.5001424808,6683.655863917151,2680409.9714487935,-3.6072862,2232.6897,0.353316,0.08914773,Ambassel
ambassel054.wav,-2.0134454e-05,0.0033344084,0.11122252532948398,0.0988520751888163,3077.177129600992,1132225.5086276631,7021.643690952035,2834509.9896957967,-4.1508465,3051.6123,0.34232765,0.091902755,Ambassel
ambassel1000.wav,7.1804544e-07,0.0015508384,0.0591273824496904,0.05563133509433843,967.1454724970631,279516.7966376537,1446.72149162558,872199.0604803417,-21.10964,8452.34,0.24764141,0.09043973,Ambassel
ambassel1001.wav,-1.4582243e-06,0.0032043017,0.05750683291408669,0.054199797082277984,1022.3521852823064,137384.53646103918,1550.8236205771461,857067.8267565332,-20.091255,6832.9014,0.23280434,0.090901926,Ambassel
ambassel1002.wav,1.9714712e-06,0.0022707768,0.06591796875,0.06157279014587402,1312.616696597409,229015.5682575012,2358.4186598209108,1821649.1679543615,-18.876347,5721.616,0.26767147,0.090435974,Ambassel
ambassel1003.wav,-3.162726e-06,0.0019907565,0.06336771962074303,0.059352251730809935,1211.7611735873693,153269.6008709882,2040.0919690762762,1261838.7402929068,-19.653746,6688.695,0.24688587,0.09014382,Ambassel
ambassel1004.wav,-3.6535334e-06,0.0024452133,0.0606406008126935,0.05696331834576907,1223.0604803665742,130934.63290441304,2075.3977622897332,1314889.912122868,-19.048046,5997.4097,0.24052937,0.09139638,Ambassel
ambassel1005.wav,-3.9513434e-06,0.0027063068,0.059898352844427245,0.056310540170951766,1156.6835207682573,96686.20036466101,1917.5958549340198,855438.188881019,-18.763836,6201.876,0.25547597,0.09019448,Ambassel
ambassel1006.wav,1.3847348e-06,0.0022772788,0.061887758804179564,0.05805766411437529,1215.103939228619,180566.82458837307,2125.7168444569315,1480113.7680818418,-18.406693,6308.0513,0.26641583,0.0901702,Ambassel
ambassel1007.wav,-8.81594e-06,0.0016079809,0.0769693336795003,0.07104505535243402,1506.1459031358613,803073.9361835015,2804.6786785125732,4523249.087918263,-19.806187,8281.947,0.33136433,0.09571747,Ambassel
ambassel2000.wav,-3.879725e-05,0.0036393586,0.09765020317337461,0.08811464099357329,2536.4875396893276,1600291.236329037,5555.058469130656,6264623.30480688,-8.47906,5693.5747,0.33480698,0.10096748,Ambassel
ambassel2001.wav,-5.179201e-05,0.0057896953,0.08097759046052631,0.0744202203037336,2742.1669827173237,793130.8093499138,6734.638343333092,2562387.0680923555,-2.849855,3161.3987,0.33096522,0.09472584,Ambassel
ambassel2002.wav,4.2066845e-06,0.0058177137,0.07782870549535603,0.07177139809627318,2730.572564809219,838461.430893659,6792.842941107164,2741717.300879559,-2.9204793,3429.877,0.33530504,0.095470704,Ambassel
ambassel2003.wav,-5.389025e-06,0.0057092984,0.07567603521671827,0.06994917291059627,2739.9841490599656,810492.2812659078,6824.67644286543,2612874.5068328753,-2.9982677,3402.1316,0.32830822,0.095911376,Ambassel
ambassel2004.wav,-5.2263516e-05,0.006054473,0.07467226199690402,0.06909631528516968,2476.777924871172,779971.6789617339,6150.09431418576,4159876.5409254464,-3.0741997,3286.9312,0.31658825,0.09307064,Ambassel
ambassel2005.wav,-1.610778e-05,0.0068602394,0.07139034684597523,0.06629376522318658,2379.3487594065077,655924.4811797341,5936.086250181264,3611256.582474609,-3.2025821,3165.3303,0.2808741,0.09197554,Ambassel
ambassel2006.wav,-2.1167866e-06,0.0075998306,0.06514246323529412,0.06089892271893247,2282.6486424847267,675392.5175907114,5720.088071889501,4205011.48621474,-2.8936908,2976.431,0.27094495,0.09103616,Ambassel
ambassel2007.wav,7.5385733e-06,0.007899976,0.05817047213622291,0.054786668307671794,2196.0004801070368,596946.1249430844,5572.869575659803,3929149.233926164,-3.1671739,2791.4958,0.25886536,0.08918098,Ambassel
ambassel2008.wav,2.719497e-05,0.005771012,0.07278716379643962,0.06748919258290989,2653.9058721961073,914099.8069318065,6703.046319877465,3481616.7685861345,-2.9873924,3423.7754,0.34030017,0.09471947,Ambassel
ambassel2009.wav,6.516279e-05,0.005700052,0.08150668779024768,0.07486334763571077,2779.5589967286164,872346.7996040421,6828.098773292489,2752912.629034602,-2.9451926,3397.82,0.3433805,0.09550628,Ambassel
ambassel2010.wav,-1.4040791e-05,0.0058151977,0.07823535458591331,0.07211458387872972,2739.2975522855754,777536.8608143063,6752.083068989269,2500403.0442848722,-2.868348,3141.003,0.32960165,0.09446233,Ambassel
ambassel2011.wav,1.5994638e-05,0.005715895,0.07872212412925697,0.0725249513018348,2762.444527142637,838995.5857416851,6831.1380691705335,2714964.244352774,-3.1575744,3419.335,0.32895377,0.09497229,Ambassel
ambassel2012.wav,-5.145431e-05,0.005801006,0.07496099796826626,0.06934184675186789,2719.936839426161,811850.826416607,6777.321715034078,2731935.149541735,-3.0657098,3375.4258,0.32457644,0.095521264,Ambassel
ambassel2013.wav,4.232512e-05,0.0060091554,0.07390733842879257,0.0684450437551645,2523.019035829493,853065.0759297557,6247.959641458817,4350739.788728978,-3.2182324,3366.2861,0.31946754,0.09316528,Ambassel
ambassel2014.wav,-4.9365954e-05,0.0071715796,0.07484189123914582,0.0692405825548937,2267.1906685308586,520871.18673495896,5635.202131600216,3290624.5357019654,-2.9088075,3221.0405,0.26346654,0.0932323,Ambassel
ambassel3000.wav,2.6835913e-05,0.017501593,0.04174275590170279,0.04000029823143364,875.4521822210337,534355.5250587082,1665.7839463094547,2105496.562976161,-4.942991,6126.1787,0.2861677,0.10184932,Ambassel
ambassel3001.wav,8.045427e-07,0.03197073,0.05503065741099071,0.05200228415590489,1114.295493530489,198956.56342007342,2044.0139097846577,1272559.1252469672,-3.654627,3729.9998,0.26548874,0.095245466,Ambassel
ambassel3002.wav,4.0708812e-05,0.03559377,0.05455749322755418,0.05158097316027956,1101.6533828531162,164461.07181671233,1991.1384883446926,1127473.1757684336,-3.3619807,3642.0322,0.27285743,0.09389385,Ambassel
ambassel3003.wav,6.541111e-06,0.03489189,0.05008737664473684,0.0475786313455851,1094.0770437712438,224611.44252764847,2083.9744054524363,1360102.4192780878,-3.1412892,3636.4133,0.2577022,0.093684666,Ambassel
ambassel3004.wav,-2.0634405e-05,0.030047653,0.04516828318498452,0.04312810937910558,980.2602130135309,169572.20366282368,1814.6594833055394,1014640.1586095238,-3.5213926,4140.3794,0.27834934,0.09584702,Ambassel
ambassel3005.wav,2.2272576e-05,0.03427118,0.05184095636609907,0.04915347160914728,1146.0303620428963,182023.33966659085,2146.4673248078598,1305945.4513187874,-3.2145529,3306.299,0.27279434,0.09503749,Ambassel
ambassel3006.wav,1.4779114e-05,0.024064062,0.04830960961687306,0.04597579123553842,968.8866728019981,212916.49907094138,1853.6124315726508,1482012.4649261348,-3.939536,4525.5703,0.28420112,0.094739966,Ambassel
ambassel3007.wav,2.549028e-05,0.02272019,0.052592274574303405,0.04982632722940445,1063.1027613506644,305461.8457658803,2206.2456949680973,2178433.624747456,-3.8941126,4478.7915,0.27210283,0.094507515,Ambassel
ambassel3008.wav,1.0966065e-05,0.033470448,0.05216294988390093,0.049441976543310596,1058.783239002075,155606.06364364387,1934.2328773020593,1022591.4695606482,-3.3179712,3784.6208,0.2696687,0.09504722,Ambassel
ambassel3009.wav,-2.019777e-05,0.03399466,0.04863009142801858,0.04626520563572113,1095.1641838834578,181332.66980787012,2059.9514777588456,1252152.0545453487,-3.080108,3553.7856,0.27875653,0.095541984,Ambassel
ambassel3010.wav,1.4766701e-05,0.031788334,0.05534509239551084,0.052282013143243225,1151.8164114112324,164560.4776358775,2215.080470109484,1038853.3442495917,-3.1512277,3384.7502,0.29075345,0.094879806,Ambassel
ambassel3011.wav,3.482571e-05,0.016207442,0.09364960539236486,0.0848793568022192,1357.0488294278964,3250127.8722696654,2195.1755804826903,6726366.101314318,-8.21144,7468.267,0.30801716,0.09985121,Ambassel
ambassel4000.wav,-3.637475e-05,0.011532412,0.064566502999226,0.06039766968967697,1776.5401817001932,483502.48586952745,4307.0819474151685,1926370.1183868856,-0.39926052,2440.3938,0.3426787,0.086520694,Ambassel
ambassel4001.wav,-6.9115544e-05,0.015927851,0.0714251160990712,0.0663235688893054,1886.6855651612257,248692.7509873844,4520.540440110209,1473421.008188899,0.3266202,1895.9437,0.31620982,0.08773183,Ambassel
ambassel4002.wav,-8.9333254e-05,0.017053202,0.08594203511996903,0.07855600171940702,2076.321567561,380595.93596822704,4746.4642093242455,1293597.6296372162,0.51997584,1519.9108,0.34249622,0.086191684,Ambassel
ambassel4003.wav,2.9946888e-05,0.017916974,0.08261779218266253,0.07579209259752494,2090.88330535076,400230.0648248269,4853.4640779074825,1463608.4666421607,0.08268698,1747.7485,0.31887794,0.08974489,Ambassel
ambassel4004.wav,-6.5185304e-05,0.01962684,0.08529804808436532,0.07802229107736262,2058.5519636008753,337535.30897749687,4750.452764736804,1349067.5457017159,1.4830768,1591.7662,0.32958317,0.0863568,Ambassel
ambassel4005.wav,-1.4969871e-06,0.017191797,0.07642886513157894,0.07058749370627784,1954.7584600645137,350789.05876094144,4587.080202744344,1725648.0410005387,0.25690392,1814.0458,0.32660174,0.08699312,Ambassel
ambassel4006.wav,-2.0383604e-05,0.022802586,0.08511059645897832,0.07786678282937527,2023.0844143271693,318162.30625631334,4662.313184273492,1500828.292690402,1.6162583,1525.7584,0.32513937,0.08721271,Ambassel
ambassel4007.wav,-7.885242e-05,0.013531152,0.0705226272252322,0.06554918627448315,1894.4282983620799,199682.52807383376,4567.27898192793,1311813.6852709074,0.02152166,1784.5221,0.36232936,0.0849233,Ambassel
ambassel4008.wav,2.0561367e-06,0.015802521,0.07239412006578948,0.06715321144568952,1900.6603488267128,314535.96174986236,4497.275254676624,1432706.3128303024,0.28103292,1820.0557,0.3311939,0.08579869,Ambassel
ambassel4009.wav,-0.00010039868,0.014141648,0.08186042714783281,0.07515929761500717,2070.6438059637953,382437.8077607587,4850.43310886746,1474989.0226566812,-0.2694554,1612.5022,0.33731648,0.08542159,Ambassel
ambassel4010.wav,2.0938825e-05,0.024044134,0.09071600474071208,0.08248661122459516,2126.6608244143554,380881.9231433584,4877.054010023927,1396385.804051675,1.1804007,1628.9937,0.30765143,0.09117107,Ambassel
ambassel4011.wav,8.86425e-05,0.015729118,0.07421421488003097,0.06870646518977155,1919.2520575378467,214722.88295037713,4491.7129268779,1274707.6824122414,0.43351516,1636.8976,0.34470895,0.086027585,Ambassel
ambassel4012.wav,5.2906644e-06,0.00637751,0.07433146601839129,0.06880629917794805,1911.960401012921,446761.08860458864,4619.357052364865,1420096.0931717437,-5.3375773,4265.9297,0.36453658,0.08718175,Ambassel
ambassel5000.wav,-0.0011454074,0.004121785,0.07532531927244582,0.06965141554894991,1811.3910731583308,521848.8614868639,3768.8101571563225,3263067.6638266784,-9.143226,4434.8916,0.24969402,0.08936269,Ambassel
ambassel5001.wav,-0.00068287196,0.012296436,0.0798422987616099,0.07346750609007179,1862.9477496508823,448274.6580958565,3742.4890221686487,2745343.047596321,-6.4231305,3324.7756,0.24634743,0.091076694,Ambassel
ambassel5002.wav,-0.00037844418,0.013320812,0.08687022300696594,0.07932378736168592,2051.556632603815,589380.7747053495,4430.2109012471,3712905.648028658,-4.936203,2857.4673,0.2691312,0.09244526,Ambassel
ambassel5003.wav,-0.00053138373,0.011683819,0.09725262432275542,0.08779455138509241,2139.1898062497658,691215.3252415416,4438.20466574826,3249926.367742174,-6.9782457,2857.6738,0.2572993,0.092443794,Ambassel
ambassel5004.wav,-0.00043311753,0.014654654,0.08739629692337461,0.07975818420745595,2043.4182171410876,627727.3732941134,4483.585932968387,3584055.929095195,-4.929716,2808.2036,0.2914774,0.092731066,Ambassel
ambassel5005.wav,-0.00032466458,0.0073414263,0.07853920762383901,0.07237080048965855,2016.8625245534354,564275.230982387,4487.291375888196,3834599.3029253497,-7.1859713,3676.6267,0.279744,0.09210581,Ambassel
ambassel5006.wav,-0.00029714627,0.0067656725,0.08143866099071208,0.07480640548675194,2004.071560031854,639826.0187148115,4318.839442702291,4324435.326248502,-7.5014,4029.0889,0.29574555,0.09087628,Ambassel
ambassel5007.wav,-0.0004604686,0.012069405,0.08650590170278638,0.07902263067337421,2069.764020320472,749208.6978643743,4417.362590179089,4137221.294366698,-4.809825,2799.9421,0.28870466,0.09529245,Ambassel
ambassel5008.wav,-0.00017652281,0.0020366523,0.06858008417182662,0.06387685622681183,1880.809059353401,484189.35382401734,4228.393328106874,3917062.6541079655,-8.16901,4370.5757,0.3042869,0.08968272,Ambassel
ambassel5009.wav,-0.00048522337,0.013154567,0.08699720636609908,0.07942869245059347,2101.7199831622747,645537.7339874981,4576.521772132395,4127090.776723878,-5.529587,2998.5227,0.2719293,0.09254437,Ambassel
ambassel5010.wav,-0.00022323994,0.007588943,0.08962304082817338,0.0815907513808849,2186.942514899359,932107.3927657278,4963.827989051624,5271098.057450588,-6.154404,3560.3035,0.28666246,0.09077006,Ambassel
ambassel5011.wav,-0.00041513107,0.012879094,0.08591028928018576,0.07852971147598055,2046.4714185657201,486256.64998072316,4512.971344348173,3551514.2734968653,-5.134224,2774.7332,0.28596142,0.094408706,Ambassel
ambassel5012.wav,-0.00022568734,0.0044312663,0.04703070578560371,0.04481881849891169,1553.608767201738,390509.5983042122,3275.461658026392,3267385.806726844,-6.144642,4423.797,0.31279102,0.09179352,Ambassel
ambassel5013.wav,-4.347418e-05,0.00030517674,0.43610922987616096,0.2459179694929827,4953.652224147518,8129027.655623495,7236.50519775957,9719677.349259065,-24.303352,14425.374,0.4121619,0.10437461,Ambassel
ambassel5014.wav,1.0321165e-08,1.9160167e-11,0.7462092494313874,0.18938100549443285,7488.954770631038,1930.078612781866,9749.9267578125,2081.8233489990234,-55.71179,57196.02,0.5301464,0.08859288,Ambassel
tizita000.wav,-2.4523391e-05,0.03194422,0.04810282645844319,0.04578894454515209,1029.408145499601,74838.57296381911,1951.93573493692,288724.09243639663,-4.108726,3118.8752,0.3080005,0.090303004,Tizita
tizita001.wav,-3.2328855e-05,0.06484411,0.05583905240987446,0.05272105263584176,1190.794299493745,52098.020233604606,2352.0857772590944,295148.00443888985,-3.8983622,2271.1614,0.25141263,0.091940984,Tizita
tizita002.wav,-1.752472e-06,0.049031958,0.05391883371662108,0.05101159308726048,1154.2665768491931,46922.58115009451,2258.0446792460816,274771.9294039777,-4.2377896,2457.6013,0.2687749,0.09178473,Tizita
tizita003.wav,2.5149848e-05,0.05323178,0.05104152964318708,0.048436291894870726,1141.1995188693525,39017.35948936858,2260.8613288808533,263372.165603352,-4.1319857,2454.9756,0.25778025,0.090380535,Tizita
tizita004.wav,1.3632364e-05,0.030314187,0.07616343810483597,0.0703625688008868,1172.0728649573389,40454.4013353379,2084.5905914660675,83970.31274117855,-4.2712502,2831.3237,0.2613534,0.08783678,Tizita
tizita005.wav,2.0168663e-05,0.03560127,0.07061868841503334,0.06563168926157376,1194.6840794287928,20420.15923496338,2185.7284498657605,36963.39207072091,-3.4920073,2567.8484,0.24060518,0.083382115,Tizita
tizita006.wav,-1.4306711e-05,0.0389247,0.06614926600774437,0.061773540614381034,1232.110511028136,41831.12405949724,2352.8191061580883,179390.04605486404,-3.7003193,2438.5059,0.23295903,0.08480002,Tizita
tizita007.wav,-1.8567674e-05,0.04570093,0.05254141700043696,0.04978081650002316,1178.6289103672484,41267.79900435763,2422.427018581898,249945.23020774798,-3.6856055,2411.0322,0.27387333,0.0893368,Tizita
tizita008.wav,1.3427582e-05,0.045427196,0.047983464606188984,0.0456810517305756,1123.8560978904538,32288.777854404485,2276.9155692611657,219758.19162746915,-3.8583467,2480.9553,0.27705818,0.09036196,Tizita
tizita009.wav,1.250135e-05,0.01342716,0.03562232473468474,0.03435337471518142,742.8360910541701,107691.00136460357,1341.7335533874323,632689.8091633198,-5.3139906,6043.877,0.29514146,0.091662645,Tizita
tizita010.wav,1.1052457e-05,0.031763013,0.035850634201362905,0.034565366228722985,763.1295212801642,119700.54642773057,1376.0500125471654,642328.0670449582,-4.0773077,5336.4204,0.26359144,0.096431345,Tizita
tizita011.wav,-9.498431e-06,0.033213954,0.02784165906895097,0.027066501089239265,694.256921681356,115970.45001194665,1313.8670552256676,790061.6970561246,-3.2981913,5560.4688,0.27154794,0.09738709,Tizita
tizita012.wav,1.4560187e-05,0.03389846,0.022279871814436136,0.02178347912636842,580.4082203826675,66545.0278421938,1058.540956714037,509631.63222159015,-2.4584444,5970.6436,0.3016651,0.096896954,Tizita
tizita013.wav,-4.973657e-06,0.015186014,0.02506263390501419,0.024434498286757443,528.0148683846334,20849.760762252856,935.2193448565693,212447.1592560845,-4.074466,6904.018,0.3165707,0.085737824,Tizita
tizita014.wav,-4.406459e-05,0.015280995,0.0239785419340987,0.02340357146081338,522.6168765852618,21464.79203183185,902.2862106653928,210360.66782295064,-3.820205,6990.525,0.32873031,0.08515056,Tizita
tizita015.wav,3.741524e-05,0.034307767,0.02663358447374668,0.025924236651826492,615.8909382953187,50054.73272599889,1124.0682029133611,428690.5457264969,-3.353148,5805.263,0.27298442,0.09694671,Tizita
tizita016.wav,2.8614491e-05,0.03639965,0.028175440770080364,0.027381585307492056,663.0481278649152,91626.66276254103,1220.6062051370359,582828.9935768729,-2.591659,5609.167,0.2905704,0.098718114,Tizita
tizita017.wav,2.2877672e-05,0.035812054,0.022782563204678682,0.022263518018503514,576.5074718813089,42026.169888361874,1055.87694858988,367559.8406517528,-2.3408613,5951.219,0.2977422,0.0962238,Tizita
tizita018.wav,-2.9013483e-05,0.021311454,0.04994382982326428,0.04744944368584909,1031.9505831212923,192076.88516663766,2026.3044138810951,939064.5656757535,-1.9991007,4326.3555,0.31888115,0.08971808,Tizita
tizita019.wav,-9.162614e-06,0.024658097,0.07925211261855838,0.07297121526405376,1378.1554538210792,118873.11658973845,2775.4832170327013,375500.2787886429,-1.4515884,2914.008,0.3105341,0.08525695,Tizita
tizita020.wav,2.0059756e-06,0.02496363,0.07647317455688801,0.07062502813007977,1406.455900357217,99790.76376741323,2834.1309160201567,318302.5635077031,-1.591771,2759.4485,0.3023031,0.0852779,Tizita
tizita021.wav,1.7926755e-05,0.024000004,0.07391027589157871,0.06844754700920944,1390.6976741096387,88199.93280871496,2798.0247473938175,245597.2939017701,-1.4237825,2831.2651,0.302929,0.085480876,Tizita
tizita022.wav,-3.0416854e-06,0.01466316,0.08432481633183798,0.07721414168243974,1559.8625097982642,194437.077552142,2911.5323943619387,386223.94826579303,-3.2434647,3266.4072,0.2868738,0.08605529,Tizita
tizita023.wav,1.2289821e-05,0.01623219,0.08391053292872662,0.07686955539234369,1563.1765668329574,161655.0801132059,2928.132293984617,303680.06264308933,-2.7782485,3023.0107,0.28950316,0.0859792,Tizita
tizita024.wav,1.9411687e-05,0.016857354,0.08051485752878661,0.07403221524590578,1500.6112940706553,117145.5384494004,2838.0112225384282,226768.52130617667,-2.3327255,2982.177,0.2960632,0.082395904,Tizita
tizita025.wav,6.3964294e-06,0.014420911,0.05593128338647954,0.052802974925220854,1118.1033466940316,61073.914403665265,2233.6781599204237,295067.2756235383,-2.7329485,4004.6096,0.24730285,0.08553773,Tizita
tizita026.wav,1.772029e-05,0.013684938,0.05055769501181615,0.04800161448690836,1081.1958206103309,53811.39549508945,2196.8783824436437,256564.9762612196,-3.213361,4344.42,0.25834227,0.087755956,Tizita
tizita027.wav,2.32023e-05,0.024712238,0.09744731872455144,0.0879513387979471,1602.8512702919634,176598.59159605624,3093.1062964093944,483018.26981099177,-2.4821064,2692.2117,0.2882491,0.09040242,Tizita
tizita028.wav,2.8265555e-05,0.016393878,0.06504465493092877,0.060813847795845165,1215.636213929759,206696.7277025837,2300.305657265081,1058833.6991206983,-3.1559856,4034.1265,0.27876765,0.093540564,Tizita
tizita029.wav,4.0147508e-05,0.022915872,0.02627675643311062,0.025586288504465586,878.0683703962039,99494.01168296848,1696.2897427679954,1093671.7383932574,-0.59620124,4541.755,0.3062038,0.09959823,Tizita
tizita030.wav,4.5519205e-06,0.024701692,0.023556698614872168,0.023001780565240246,921.7857168889442,98475.47314955288,1691.4397720951044,1137854.3104485935,0.15966503,4022.7803,0.29366606,0.09534188,Tizita
tizita031.wav,4.866877e-05,0.029394655,0.03234283312392366,0.03129677426944167,1035.222916143343,174650.0201447867,2004.612878380176,1616177.823981299,0.2783846,3684.823,0.30347273,0.097301014,Tizita
tizita032.wav,8.755153e-06,0.032238998,0.037864903535981556,0.036431152616192355,1185.7053717556541,201849.77602956354,2471.6053690545245,1399902.9103234892,0.7249402,2887.3875,0.29904187,0.09516407,Tizita
tizita033.wav,-1.9595907e-05,0.0451287,0.03295821029569856,0.03187196666980307,1181.980736919189,217099.88056649597,2539.9179747968265,1668185.7181351562,1.5394303,2713.1907,0.3153633,0.09731593,Tizita
tizita034.wav,5.1469233e-05,0.048296012,0.0372537546323386,0.0358659123981321,1192.3771646522603,210527.35569565787,2525.4597288905284,1621405.5490917643,0.7667727,2688.891,0.29262048,0.097060524,Tizita
tizita035.wav,-1.8492019e-05,0.046458106,0.03249705541267314,0.031440996802178815,1095.1571015627787,273304.3693398425,2238.344798368566,1736543.75497093,1.3731637,2814.3787,0.30429012,0.09594574,Tizita
tizita036.wav,-1.740855e-05,0.047709245,0.04515202016157666,0.043113315236905224,1298.552020225812,303162.4303116157,2681.275150449536,1854468.203562606,0.80348414,2441.1272,0.29589942,0.097518146,Tizita
tizita037.wav,-1.9752466e-05,0.03941444,0.03646903533958387,0.03513904480098405,1180.412805793267,248316.9293198714,2475.7683627007546,1875495.7162549607,0.7444938,2837.6372,0.30901828,0.09708805,Tizita
tizita038.wav,-2.8023343e-05,0.04941003,0.04779076571366364,0.04550680842616536,1348.9710183455743,199535.9359619189,2879.0492574496902,1309453.7515545206,0.82053065,2185.0374,0.27964696,0.09408787,Tizita
tizita039.wav,3.0610063e-05,0.034684513,0.0397636467825753,0.0381824991771259,1238.9383829461008,289133.6158892054,2632.134083845298,1774537.847215496,0.53471285,2771.0315,0.31355497,0.09608867,Tizita
tizita040.wav,-3.627207e-05,0.046663575,0.04099701897551269,0.03931626341063418,1209.1552026483537,173431.57399019992,2500.674360589472,1210703.1074938737,0.92174417,2443.4858,0.30762488,0.095663704,Tizita
tizita041.wav,4.2922773e-05,0.04468952,0.05112771268690003,0.04851366968230583,1468.7973955370394,251521.2933651835,3308.771658977119,1280517.3189354325,1.1709048,2068.1797,0.313187,0.094350606,Tizita
tizita042.wav,3.904566e-05,0.039776713,0.061592148573519426,0.05779855580761695,1633.147456227745,144735.728188,3769.8438709365323,547675.0293258028,0.79485834,1823.291,0.29851705,0.09504618,Tizita
tizita043.wav,1.2197129e-05,0.038057636,0.058401863972917356,0.05499108625740623,1628.490460301358,142480.16728610673,3829.0935126620548,591120.3230753859,0.94933945,1881.4,0.30799738,0.09491904,Tizita
tizita044.wav,0.00010096309,0.035583712,0.05172900931173539,0.04905311890736177,1430.9856789592156,255586.86947351432,3213.5682710085557,1646700.2067646405,0.063045345,2293.5984,0.297723,0.094734885,Tizita
tizita045.wav,3.4504796e-05,0.036779713,0.04275737356418293,0.04092918057007586,1364.9775213231244,365842.71327952086,3012.098452919408,2217344.9931219546,0.89629453,2449.7654,0.31320804,0.09685428,Tizita
tizita046.wav,-1.9012661e-05,0.04571634,0.046020233359490646,0.04390237148102865,1275.9249295010027,207489.39510825748,2711.916934742647,1523112.4948385505,0.7127803,2369.8137,0.29070044,0.09433734,Tizita
tizita047.wav,6.9399204e-05,0.04500644,0.037775388844285385,0.03634840884194843,1205.7128411632577,247529.65610714597,2574.7010978013736,1496260.1570843577,1.3133668,2474.2126,0.31417167,0.09571093,Tizita
tizita048.wav,-3.4236615e-05,0.050075024,0.0420999829267224,0.0403275743642921,1217.7209919334462,164591.0713707026,2621.1637067684164,1148204.390994627,1.3876796,2406.799,0.30100495,0.09747521,Tizita
tizita049.wav,-0.00013322511,0.051874727,0.03704661293078292,0.03567416140113968,1097.0797741774547,153608.20351716937,2347.127473907943,932403.3211658212,1.8964707,2594.8315,0.31443197,0.09371843,Tizita
tizita050.wav,5.888257e-06,0.05214017,0.03590204163094606,0.03461308503767589,1084.286287323367,184529.75986132037,2293.1944667001258,1158235.003899874,1.8544943,2672.2468,0.33029735,0.098703824,Tizita
tizita051.wav,8.780489e-07,0.059913054,0.044766799267595324,0.04276273295093016,1208.2054293622473,196153.37226002768,2566.8511452689627,1141523.8424590323,1.3337889,2360.2717,0.29583615,0.09360283,Tizita
tizita052.wav,5.1811654e-05,0.04815574,0.042934004982979605,0.04109067619910108,1248.8036689767,156057.29336114,2868.062780959977,1155326.126385864,1.1738969,2288.0044,0.3361617,0.09563833,Tizita
tizita053.wav,-5.797199e-06,0.01950401,0.028960526653996246,0.02812181454991942,1143.4340278938982,260629.6095046033,2523.793072301906,2431716.861601062,-0.8390356,4728.032,0.3364091,0.10316006,Tizita
tizita054.wav,2.8061008e-06,0.0046611717,0.0528574214940511,0.05006351448705132,1637.4310206880666,511862.03134841117,3436.1125556308048,3142384.3728594263,-0.7192075,3857.222,0.366237,0.09280121,Tizita
tizita055.wav,4.7223282e-05,0.005765365,0.06083313299555628,0.05713246292550124,1674.750042549029,448842.1822853063,3391.921156183485,2251807.536826232,0.1358114,3349.383,0.37333247,0.090687424,Tizita
tizita056.wav,-5.344689e-06,0.008066139,0.077482462117721,0.07147893018189691,1999.8531058870785,314986.9855168846,4224.629597320911,2031667.5901541503,1.2006578,2100.929,0.37978083,0.086062215,Tizita
tizita057.wav,-2.7808749e-06,0.0071285814,0.0605020086697118,0.05684151561664192,1641.2381615996533,315107.3844782021,3282.3968184621713,1943613.1702363978,0.6707185,3010.0366,0.35894182,0.08998289,Tizita
tizita058.wav,-7.32976e-06,0.015603839,0.09425552214072633,0.08537141868670538,2217.584531617541,322266.8491560311,4697.9299255937985,1638061.1509961968,4.508103,1018.8503,0.459019,0.0706333,Tizita
tizita059.wav,-4.0742096e-05,0.017689899,0.11281965215313972,0.10009137824118423,2399.8561517492803,248484.4828442277,4925.803547673181,1352795.829607925,4.675131,912.42145,0.42435724,0.079658955,Tizita
tizita060.wav,-8.083047e-05,0.020424383,0.11853236292651087,0.10448244186556882,2347.4103846495227,202473.61916990147,4640.888230042779,1182392.6346809554,5.1318126,809.205,0.43393138,0.07628749,Tizita
tizita061.wav,1.8722349e-05,0.023056911,0.12352146940577548,0.10826391600161357,2459.983112236314,242787.39220872056,5023.452957200561,1263343.8861407463,5.0548625,630.4221,0.44233617,0.07665272,Tizita
tizita062.wav,5.2905263e-05,0.021327678,0.12146668420567205,0.10671252883375155,2523.491140169836,285022.90916474554,5357.092606393914,1280631.726996253,4.8704705,614.73315,0.47721443,0.069049075,Tizita
tizita063.wav,-2.8042838e-05,0.009737082,0.08188447540986085,0.07517940809671278,1797.7106743421725,768654.5188637067,3525.55368145922,3764507.640367552,-0.8294698,3656.352,0.3835465,0.09453819,Tizita
tizita064.wav,-9.566646e-07,0.0049159,0.05047948713687178,0.04793130851527017,1293.745475656929,424676.0429392913,2476.0352468822507,2016241.716691007,-2.9070466,5436.3223,0.3611369,0.09098693,Tizita
tizita065.wav,-8.427938e-06,0.004618653,0.05002396493408509,0.04752156786635849,1236.9985885725193,518597.8533045594,2253.0030430654992,2159594.2004352408,-4.416619,6470.2793,0.3477145,0.09419326,Tizita
tizita066.wav,-2.0348112e-05,0.0039172326,0.0363465646985181,0.03502549193313452,1249.1295341310797,373526.0996659856,2546.4262687753967,2730640.632598949,-1.108438,5337.995,0.3673615,0.09185495,Tizita
tizita067.wav,4.4859294e-06,0.0045313775,0.0419015910599456,0.04014584772659069,1410.5968112462144,359028.113585342,2929.415619557856,2287886.7519510905,-0.07633071,4098.1646,0.39075217,0.08881748,Tizita
tizita068.wav,-1.2391504e-05,0.002587404,0.033650976878551585,0.03251858863367077,1398.3809509075636,517628.1623843362,3097.4421879531615,3843501.532972271,-1.5278966,5862.293,0.38519153,0.09735625,Tizita
tizita069.wav,1.8542538e-05,0.014853403,0.0723075736751625,0.06707918846437345,1458.7825884740728,123733.02705706698,2456.8684769857778,1154180.0318980773,-7.8198724,4093.0261,0.24787095,0.093676455,Tizita
tizita070.wav,-3.2005737e-05,0.014969496,0.06833861771469783,0.0636684510435422,1613.2528057940563,416661.21690548694,2918.565685165925,2582085.195373746,-6.6662183,2774.5115,0.26829225,0.09730185,Tizita
tizita071.wav,-9.839446e-06,0.015820267,0.06926697541364081,0.0644690615306869,1529.4703497448493,386203.3685949468,2697.417022421633,2171462.486069674,-6.4983644,2810.7163,0.26059198,0.09624998,Tizita
tizita072.wav,1.6439777e-05,0.018584557,0.07211571149484855,0.06691503565044031,1357.9779138075935,60513.71524247288,2212.923819061775,282708.85776928236,-6.2715526,3028.9326,0.2307661,0.09042313,Tizita
tizita073.wav,9.119769e-06,0.023465851,0.08890461351440844,0.08100058321026207,1776.6840534430546,390208.2547172353,3290.846767366486,2435675.560183834,-5.3160233,2321.7097,0.24505278,0.09468887,Tizita
tizita074.wav,-1.6473476e-05,0.020044155,0.08115872346280446,0.07457198506869252,1552.964237270971,176871.7183164714,2691.5337246637964,1070886.7164499115,-5.63713,2692.3445,0.250604,0.09179843,Tizita
tizita075.wav,4.012106e-06,0.015154511,0.07169068452016457,0.06655113027319479,1344.4926420484767,65744.97791895823,2207.1783201613293,468881.3163355114,-6.049836,3288.0083,0.24656875,0.090772346,Tizita
tizita076.wav,2.9227424e-06,0.014705111,0.07668621279951893,0.07080543756598584,1623.395366320378,541764.8755583096,2860.6019340922276,2492249.6756294845,-6.440095,2845.4763,0.2683882,0.09474404,Tizita
tizita077.wav,-1.3866776e-05,0.01717318,0.07274756079306544,0.06745535319172469,1554.845297161869,493354.1295115274,2715.650245501161,2888293.1741114836,-6.500676,2895.7173,0.26732433,0.095185995,Tizita
tizita078.wav,1.529914e-05,0.020550538,0.06813903592925732,0.06349610771188871,1334.8538058108852,44600.472821753545,2177.845164201577,250419.34225172718,-6.2426977,2967.0898,0.23138714,0.090309545,Tizita
tizita079.wav,2.6904441e-05,0.018351374,0.09579018511210599,0.08661442554829446,1634.147392092777,724666.2279361087,2766.3999386247096,2058056.798960059,-7.023828,3198.296,0.3149032,0.097502254,Tizita
tizita080.wav,4.5049314e-06,0.003997246,0.12992159890489277,0.11304197704288896,2096.369533846388,973428.4604548799,3664.1084958671695,2012499.3885893829,-16.159117,3773.2344,0.28149062,0.09129925,Tizita
tizita081.wav,-8.065427e-06,0.0039050474,0.057423610827614255,0.054126139747132956,1302.25355003816,170599.46757347308,2398.5854960816564,817730.7872243739,-9.873421,4876.0225,0.25816798,0.089146115,Tizita
tizita082.wav,-2.9676477e-05,0.008732224,0.046800416702576265,0.04461013769904148,1259.948122117118,203525.59784623072,2503.3348626765674,1443180.7206811453,-2.0794165,3402.3835,0.33201283,0.09133917,Tizita
tizita083.wav,9.197986e-06,0.01232894,0.04527331364731177,0.04322364071870392,1264.868196049749,152231.1390357855,2468.0600759783765,1390224.792159258,-1.3168775,3047.7156,0.32314256,0.09324738,Tizita
tizita084.wav,-3.8285645e-05,0.010834663,0.04342958330626287,0.04154345460010725,1195.8575730200828,193070.33400602886,2402.0679447324537,1274546.4469689312,-0.24001475,3396.6116,0.3474481,0.092931226,Tizita
tizita085.wav,2.499599e-05,0.014356691,0.05301466774924665,0.05020411275268365,1365.1522139769727,230417.59848669227,2888.1742022723975,1733962.5611872755,-0.091394305,2735.0024,0.32159534,0.09093567,Tizita
tizita086.wav,4.5720222e-05,0.016230391,0.06391153083765383,0.059826847063641435,1529.5530172999038,297400.383008007,3236.038765449642,2321890.430371442,-0.00852287,2342.0173,0.31614077,0.09368807,Tizita
tizita087.wav,-0.000113424925,0.016699614,0.06063657517656184,0.05695978092741901,1464.918596089456,223623.69006524948,3012.7984486866294,1544864.2842775653,-0.11935385,2356.1946,0.3107788,0.09185435,Tizita
tizita088.wav,-2.416474e-05,0.013516241,0.04728089167836363,0.04504540896046249,1260.3477949587807,202838.23602544947,2461.8879490828017,1482009.2108381207,-0.30010995,2908.8699,0.34295753,0.09201725,Tizita
tizita089.wav,-2.1671649e-05,0.012093116,0.09212362579624817,0.08363686336640104,1709.5188684946693,515948.210787999,3055.4231909406444,1450067.67732248,-5.4804554,2974.4062,0.3089671,0.091761775,Tizita
tizita090.wav,1.2664815e-05,0.017159482,0.1086359945750042,0.0968342152577038,2243.490464256523,446226.7011143595,4182.408042884094,1526820.5749939082,-10.084881,3510.632,0.3416411,0.095798865,Tizita
tizita091.wav,-7.3401054e-05,0.094930194,0.04298719501408412,0.04113929607890522,1744.3522067303577,225196.6159623095,3980.0425998935757,1526035.9178166992,6.002019,1133.3977,0.4437389,0.09320527,Tizita
tizita092.wav,2.1551072e-05,0.10748589,0.03675438503716082,0.035403500217700966,1630.952691925158,390797.03220802656,3630.934373187355,1708878.8676355528,5.6165223,1316.9309,0.4127924,0.102096885,Tizita
tizita093.wav,0.00013235905,0.08154473,0.05122145564672814,0.04859781812815842,1753.5949455772795,332309.3230822354,3878.068216518721,1603590.930093099,5.1124673,1479.9572,0.4100163,0.09434912,Tizita
tizita094.wav,0.0002140882,0.09915285,0.05173401795933672,0.049057609345119754,1807.777691606965,237934.64140335916,3968.942667013351,1465067.355711592,5.9530144,1007.8442,0.4367214,0.08928189,Tizita
tizita095.wav,7.257091e-05,0.09926835,0.04890056139937071,0.04650929649419706,1782.4232866046075,262209.7933862269,3935.5845353920763,1463562.5280078438,5.992383,1026.8907,0.4389068,0.08945715,Tizita
tizita096.wav,-0.000104512095,0.10124826,0.04358369607752779,0.0416841575137495,1713.9944933915363,327926.9695173622,3780.3261741408064,1500122.8378598397,5.4180236,1155.1869,0.41492358,0.09372348,Tizita
tizita097.wav,-0.00012681186,0.10367656,0.0416007063985618,0.03987008762570245,1618.4227489976315,369026.88824656646,3511.953763696062,1437949.7677624945,5.363143,1326.7836,0.3949916,0.100611195,Tizita
tizita098.wav,7.475641e-05,0.041578323,0.041703521257728124,0.039964337572434346,1258.7568088709015,309609.33271774574,2529.701369908572,1799870.9463985558,-0.8106089,3925.363,0.34786797,0.08953272,Tizita
tizita099.wav,7.198983e-05,0.04823991,0.03672607248749968,0.03537726808714259,1065.824392384032,152738.71039796388,2232.469833893673,970797.101354434,-0.50221187,2595.8005,0.32179713,0.08240567,Tizita
tizita100.wav,-1.0920902e-05,0.057087686,0.044997907390311745,0.042973095720804676,1192.470263311418,243527.39068244884,2427.006824608469,1161439.9066973175,0.07546825,2356.0986,0.30034232,0.083237365,Tizita
tizita101.wav,-6.4191904e-06,0.050934616,0.035645004483030256,0.03437443813843501,1049.770535630678,154966.72067494894,2195.936721471072,937123.0786000825,-0.114447795,2602.9673,0.32452312,0.082892604,Tizita
tizita102.wav,-3.6943242e-05,0.055540714,0.04188647122771526,0.04013199475580503,1111.5269238286705,252358.78172604615,2210.1699687379064,1275130.1313784684,0.15892631,2586.9478,0.31219643,0.082786806,Tizita
tizita103.wav,-2.2851002e-05,0.041899096,0.029347594359092993,0.02848631306442713,876.6524629842551,97207.28517934695,1740.7894736842106,761094.4616151144,-1.1224662,3276.8079,0.32356608,0.08436638,Tizita
tizita104.wav,5.2769625e-05,0.04179207,0.023314844837146617,0.02277126284736639,657.2536110949486,24264.791553226936,1051.4964517473898,314933.5868834034,-1.4797146,4200.216,0.33157247,0.08859545,Tizita
tizita105.wav,1.4704036e-05,0.04204752,0.025998551520072334,0.025322626838930475,702.0661307817794,41124.021601416105,1133.4348129414184,416861.85877983284,-1.1939437,4139.371,0.32613367,0.090755954,Tizita
tizita106.wav,-3.0666954e-05,0.043718036,0.028304325935199423,0.027503191068553434,832.6930591802352,100084.31842485897,1532.4740666723103,836809.1473285429,-0.6522727,3522.7463,0.32991588,0.08966368,Tizita
tizita107.wav,3.0125116e-06,0.04419419,0.03852533252291033,0.03704113127690949,1076.7291716213028,213149.8534142648,2193.3700703245936,1196278.8894311409,-0.22792318,2795.315,0.3119146,0.08401272,Tizita
tizita108.wav,-7.940909e-06,0.048540115,0.03610771576165704,0.03480394862413245,1075.666991004849,190994.4905615074,2238.220752972738,1096797.7779198422,-0.25018,2702.9834,0.3113103,0.086668,Tizita
tizita109.wav,1.2278944e-05,0.053789236,0.03598066475854384,0.03468605652207711,1054.9434946378879,142558.62317315122,2216.344931398752,851000.4417440591,-0.038415905,2540.0398,0.3130727,0.08485554,Tizita
tizita110.wav,-2.1450798e-07,0.021252794,0.03257416655704788,0.031513090230161585,989.937611535432,168327.61977855556,2049.8126050636124,1211057.0106386016,-3.3552005,4450.125,0.33119988,0.08897351,Tizita
tizita111.wav,-6.064335e-06,0.0116728,0.08371095114328611,0.07670342780197248,1489.2851947605957,80456.64739758316,2998.8401997569176,309440.63846216205,-4.3557796,3014.538,0.31647086,0.09018719,Tizita
tizita112.wav,-1.6312571e-05,0.014831226,0.06872220870797593,0.06399946673827334,1686.8117016069425,229872.21572000213,3604.196896298579,533492.2434021034,-3.4468164,2437.0176,0.32505882,0.09405396,Tizita
tizita113.wav,-1.2231097e-05,0.010358403,0.08539378847052313,0.07810168936117469,1920.1448550120645,366773.55065249326,3826.410195554373,817988.2446663004,-5.205996,2531.2036,0.33336174,0.09072365,Tizita
tizita114.wav,3.63342e-05,0.011664746,0.09239275880994824,0.08385633692943496,2009.0402029249194,442177.0032915929,4011.750741492115,997836.4237222791,-4.861669,2310.7751,0.31724066,0.092101455,Tizita
tizita115.wav,3.851407e-06,0.013660767,0.08253160422931947,0.07572013853265447,1897.6161714477691,371809.7284767839,3886.0348350123354,908325.0756957474,-4.211475,2283.427,0.3168691,0.09474809,Tizita
tizita116.wav,2.3060606e-05,0.010279407,0.09276077920625879,0.08415621704730651,1786.863665357662,316091.2766402721,3743.404974351073,780856.5112214931,-5.195179,3024.5022,0.28325745,0.09126787,Tizita
tizita117.wav,-2.1420776e-05,0.011431403,0.0669642249649598,0.06248001753980202,1633.1914626269313,134098.94295780282,3677.7194280004355,430300.91069556924,-4.351282,2866.0415,0.27491587,0.093292475,Tizita
tizita118.wav,-4.6851983e-06,0.0141041875,0.05382811472323903,0.05093064878858086,1579.423221367629,74441.5240552537,3626.3447386561534,257702.56062854393,-3.0881724,2681.3455,0.31864417,0.09425845,Tizita
tizita119.wav,6.303002e-06,0.01717112,0.09162315934942386,0.08322835602025393,1938.343851230202,296696.7641180536,3775.6938355625966,735419.0768493534,-4.240031,2075.9033,0.31109387,0.091400586,Tizita
tizita120.wav,1.683322e-05,0.011121476,0.0709084947866067,0.06588048015370447,1763.6440842548723,264210.50364998117,3675.8909716683584,735309.2997723216,-4.8034387,2681.4014,0.31823808,0.09205605,Tizita
tizita121.wav,8.3535866e-07,0.026147213,0.058137266908886376,0.054757325105251275,1106.5018565635019,186824.18748534026,1992.7379501862422,1370474.4566401339,-4.919599,3496.1482,0.30699983,0.093306385,Tizita
tizita122.wav,1.9967256e-05,0.020696824,0.05922135887980187,0.055714189532231576,1142.8253958275204,240825.48221387388,2060.0542098006968,1573419.024221087,-4.754418,3616.9524,0.30287305,0.09610597,Tizita
tizita123.wav,4.8844337e-05,0.02158585,0.056197392433733555,0.0530392455173825,1075.2258025247534,104454.6552654716,1887.3052543899962,618059.9706070081,-4.663248,3631.3315,0.29888892,0.095522605,Tizita
tizita124.wav,2.4573032e-05,0.013413729,0.05556671949813629,0.05247905918235172,991.0620514113947,89719.51963130086,1607.3878312608758,458045.6877791226,-4.686481,4381.4966,0.29087156,0.09435455,Tizita
tizita125.wav,-4.189481e-06,0.030401565,0.059091328322620935,0.05559954323968915,1115.6855117647942,186731.23078552133,1968.8047615736261,1176353.1620748306,-4.0714245,3498.759,0.29746702,0.0955878,Tizita
tizita126.wav,-2.1484411e-05,0.03216182,0.05853491849654436,0.05510858181314725,1104.3434074851139,155599.69733791595,1887.7802515177534,832743.1942095492,-4.1181602,3441.709,0.28862542,0.09714947,Tizita
tizita127.wav,-7.449573e-05,0.025866903,0.0652783636712767,0.061017098907677286,1147.765493346042,161856.9483474241,2068.8041568909634,1236785.1384470563,-3.9443915,3546.9224,0.2783882,0.09320013,Tizita
tizita128.wav,-5.5638226e-05,0.035437055,0.06380268730367619,0.0597319043965055,1073.5061124081137,104313.56217211022,1788.7130560288574,619115.1817529697,-3.885434,3508.3555,0.27064398,0.094267845,Tizita
tizita129.wav,-2.1078364e-05,0.03078156,0.06831896193279839,0.06365148137322324,1137.2558209594324,169443.98661367167,1947.1715590533088,1054689.3784477888,-3.8367167,3374.244,0.27071983,0.09215037,Tizita
tizita130.wav,7.931627e-06,0.018737366,0.060164836410975184,0.05654502887061577,1037.8037575614176,102979.98193521678,1826.430622490567,518326.2050274155,-4.9533014,4202.879,0.30348065,0.09236111,Tizita
tizita131.wav,1.1090808e-05,0.0067372844,0.055294738449582166,0.05223723034937445,920.8024470412249,40944.55401445817,1299.1838106799053,275934.5358992459,-12.30337,6439.4507,0.2266469,0.09434818,Tizita
tizita132.wav,3.6648594e-06,0.010328505,0.075817439824251,0.07006915564274707,1389.9507810220232,554732.204906625,2294.5518121918503,2180351.304326521,-12.042921,4580.157,0.22844382,0.09158293,Tizita
tizita133.wav,6.5016246e-07,0.009198035,0.08106498050297634,0.0744934494390284,1520.756145954012,260726.81790616666,2603.109259354441,1009770.3382852343,-13.059079,3881.0747,0.2471844,0.09346485,Tizita
tizita134.wav,-2.1485657e-07,0.011589423,0.08366256768014903,0.07666314244931352,1520.205121758113,382785.80658769043,2622.3008099724266,1345827.153607663,-12.229887,3761.8745,0.2560416,0.09663226,Tizita
tizita135.wav,-9.3666586e-07,0.014978982,0.08158056678203099,0.0749251779055536,1531.9607887663735,405670.5326719245,2690.15039969524,1497302.487534216,-11.730916,3517.441,0.2404732,0.09367217,Tizita
tizita136.wav,2.1775238e-06,0.011566713,0.07840864965483271,0.07226073331413845,1514.67863150037,348097.0089750232,2676.695389537413,1404116.639792722,-11.858308,3624.9124,0.24330486,0.09403825,Tizita
tizita137.wav,4.3930535e-07,0.011111505,0.08097728547604036,0.07441996471297223,1532.564294670975,350736.6957035095,2694.1003758102747,1331891.5382528026,-12.082801,3539.9211,0.25198567,0.09429337,Tizita
tizita138.wav,-2.4425237e-06,0.011456023,0.0676461293985482,0.06307013057594306,1245.572071096884,240875.04394924312,2112.8372239623645,1068274.3752651687,-12.557774,4683.7476,0.23156363,0.094580986,Tizita
tizita139.wav,-1.7423426e-06,0.011710646,0.0796467402397703,0.07330313700894883,1381.9279172350048,485350.27071268554,2296.41944719911,1818686.9791196943,-11.904255,4403.467,0.2525078,0.09927843,Tizita
tizita140.wav,-4.064545e-06,0.011944602,0.07542158152943328,0.06973316656903233,1460.0587737383307,235800.9534672578,2543.5659032410094,986606.5223491378,-11.898867,3543.093,0.2565979,0.100642234,Tizita
tizita141.wav,4.3331943e-07,0.010912626,0.08574154461182099,0.0783899321394001,1618.8944374649166,456416.76915528474,2870.5076424330014,1752022.034446954,-11.841251,3465.8704,0.25508982,0.09926733,Tizita
tizita142.wav,-5.248893e-06,0.006382036,0.0806386012340807,0.07413601722509161,1558.8242497884976,1074544.444252968,2779.749857899574,3858583.7313141646,-13.440518,5471.5903,0.27528033,0.105183624,Tizita
tizita143.wav,5.954769e-06,0.008222669,0.08376084658964623,0.07674496716823201,1658.9508284702656,705931.3605092497,3273.638538088961,4174158.290594143,-4.171077,3958.2415,0.33381853,0.092360474,Tizita
tizita144.wav,1.7276996e-05,0.00916224,0.049912896066044876,0.047421598872345073,1123.3885542014336,575286.2012766383,2160.8394472339037,3992588.2404155997,-6.061384,6133.836,0.3076351,0.09734219,Tizita
tizita145.wav,5.3895287e-06,0.023366202,0.04226446703347379,0.0404781818598502,1330.4850232995238,480847.41895675403,2798.3330788627127,4100469.0757323722,0.29513443,3427.7363,0.29828894,0.0955657,Tizita
tizita146.wav,8.695238e-05,0.029998811,0.04238088974164743,0.040584749926353754,1186.098298114998,287511.49964223657,2394.1771894047506,2714918.132743135,1.7143387,2985.513,0.32952207,0.09500097,Tizita
tizita147.wav,-1.3596475e-05,0.027866973,0.04623191101071542,0.044094521415012716,1167.329701901496,449714.7106608206,2190.0117572985196,2715299.6831287546,-0.250589,3553.91,0.29668906,0.09471794,Tizita
tizita148.wav,1.27384e-05,0.028867662,0.042613692164272125,0.04079776540440077,1398.6835004578604,491605.79296111304,2978.0020233649943,3760994.368779695,1.1321377,2912.5767,0.35768926,0.09566204,Tizita
tizita149.wav,2.9580802e-05,0.0148466965,0.0455182549294433,0.043446343397621504,964.8700302552288,221919.40715358112,1888.1469159672504,1446764.5889359144,-0.3837738,5081.399,0.34425026,0.09743608,Tizita
tizita150.wav,-3.800365e-05,0.04271215,0.05042312850496611,0.0478806366167378,937.675887792596,137162.16929861315,1583.448758435323,552771.4406771231,-0.8206361,4113.883,0.34848037,0.093177944,Tizita
tizita151.wav,-1.5289106e-05,0.05766818,0.05278787026579153,0.05000131101859351,1012.4384408116744,190330.56848169139,1729.981205706995,891600.837954714,-0.8127886,3198.1636,0.3271755,0.09357401,Tizita
tizita152.wav,4.385961e-05,0.06413192,0.04372572157261507,0.04181378284556921,878.7264111710623,105968.71431815778,1450.4352613834108,482060.9263827445,0.80877835,3469.568,0.3559037,0.09401302,Tizita
tizita153.wav,-2.2768185e-05,0.05244629,0.035205017365127315,0.03396562411744841,896.6917777971637,283977.34551910346,1577.8571255804954,1562833.7927919223,-0.02925091,3923.6453,0.38382855,0.0972813,Tizita
tizita154.wav,9.120827e-05,0.06628074,0.04820656109999803,0.04588268856691019,1100.9301323799248,260210.33603837492,2020.4294494062017,1919703.3371045853,1.9578083,2658.1348,0.38269478,0.09036679,Tizita
tizita155.wav,7.541442e-05,0.07480618,0.04830030405982615,0.04596738468755452,1152.2836886839818,416669.48573394865,2344.127492048423,3096330.5672537903,2.6653318,2654.8848,0.3891837,0.08957959,Tizita
tizita156.wav,8.0591075e-05,0.08004583,0.04978446875665744,0.04730597542727484,1073.7906682833116,215895.11565402866,2070.4932546947507,1539351.4397854514,3.0916157,2629.1099,0.40699428,0.08822192,Tizita
tizita157.wav,2.10662e-05,0.08952728,0.03751835169636958,0.0361107249823571,826.9199309418623,120425.29825806004,1553.8989371190498,631526.6115640891,3.1667557,3196.7832,0.38909143,0.093391314,Tizita
tizita158.wav,-8.59808e-05,0.08412798,0.044650376559421695,0.04265672043252354,957.7828518198879,133741.80927751926,1749.4644212279895,634386.1186485551,3.147194,2849.642,0.4200154,0.09056965,Tizita
tizita159.wav,2.4890507e-05,0.094998635,0.03740344097141898,0.03600442357491655,790.0075371613398,102134.3116440432,1415.0664432868132,558852.9437955328,3.3846436,3311.9688,0.37228006,0.09295008,Tizita
tizita160.wav,7.968331e-05,0.075539745,0.05089800907452259,0.048307401746772415,1168.9378446617902,411608.7147922855,2361.2081505582946,2424428.342522468,3.0945628,2524.215,0.42333174,0.08871333,Tizita
tizita161.wav,2.2234413e-05,0.088484064,0.06645468661879728,0.062038461245194694,1392.7229851439656,479034.97986548586,2853.9244093762095,3241529.9673577766,4.3544173,1852.9625,0.38886794,0.08787966,Tizita
tizita162.wav,0.00020436794,0.09165498,0.05067260573676675,0.04810489276461294,1167.7021778919357,325796.81788979116,2305.369393080012,2412908.1058058073,4.317291,2157.0845,0.4123368,0.08618479,Tizita
tizita163.wav,-1.7031756e-05,0.08337836,0.04135576511643027,0.039645465808064904,1004.2700575558179,226420.45831889854,1974.6547261996905,1658550.9802109483,3.833038,2620.896,0.4042191,0.08806827,Tizita
tizita164.wav,3.1144224e-05,0.087115526,0.03963871131505032,0.03806748388033244,948.4821863172237,174076.7407212337,1765.131450750435,1353292.5063923905,3.5963264,2773.678,0.38326842,0.090782486,Tizita
tizita165.wav,5.6098845e-05,0.08347513,0.04688206379662011,0.04468413589078977,1050.2899805032075,176886.1627178252,2034.821029048955,1189835.0615279344,3.5068886,2447.5652,0.40193892,0.08502128,Tizita
tizita166.wav,6.933899e-07,0.021123216,0.03762267853875893,0.03620721259832812,813.6847325268993,366090.7406174433,1371.0917091960139,2386523.988500179,-7.9106293,6559.446,0.31563696,0.094854966,Tizita
tizita167.wav,-3.4283419e-06,0.006488944,0.04090670609918912,0.03923334749530367,1144.4989308222484,439808.9672448304,2275.969570856714,5873558.878515731,-12.875014,8330.621,0.26755655,0.086382665,Tizita
tizita168.wav,1.8948185e-05,0.0097809145,0.03714722151293414,0.035767305446803156,1017.506165455591,236944.03145017498,1699.4326987565255,2585726.83049446,-12.016258,7502.16,0.22796486,0.08415547,Tizita
tizita169.wav,1.1490579e-05,0.006313844,0.03845124534498165,0.03697274707640166,1041.4653550383582,212034.0301421484,1573.8238166360295,2289487.9864750286,-13.495263,8552.726,0.23604544,0.08576961,Tizita
tizita170.wav,5.9837305e-07,0.008385651,0.038445197412089516,0.036967164208034975,1112.875157746892,248351.21461143627,2151.3453244424827,4092619.4005950377,-14.235084,7606.899,0.22062571,0.08327023,Tizita
tizita171.wav,1.1804934e-05,0.0051976508,0.047319026948076985,0.04507993663676414,962.6230791291433,109391.71051955606,1672.564886228957,520241.4607536556,-13.59591,6369.7983,0.23086269,0.08514848,Tizita
tizita172.wav,8.975203e-06,0.007345429,0.050636621727181114,0.04807255426723949,976.551070777498,69702.2627802596,1749.385400050754,356125.8642412794,-12.391462,5418.289,0.24553938,0.087370135,Tizita
tizita173.wav,-1.1329252e-05,0.0065594385,0.041895543127053465,0.040140306593142654,935.9118328038409,57693.10170256148,1649.1150280270415,346401.9947936138,-13.220293,5792.283,0.24157251,0.08727581,Tizita
tizita174.wav,-4.5111705e-05,0.015166706,0.04903663988944379,0.04663204783779679,1006.1479193876401,47300.657005623776,1881.321957236842,241441.06284679874,-8.510442,4333.902,0.2504377,0.08623411,Tizita
tizita175.wav,-1.3489157e-05,0.0064473557,0.046130608134772134,0.04400257512788824,1195.0243372318794,286240.3521522176,2240.186453898994,3353488.9998101126,-12.418533,6184.72,0.2255933,0.08192478,Tizita
tizita176.wav,1.7489661e-05,0.0053570527,0.04505230013311113,0.0430225903858272,1217.6614477354572,299273.906109952,2334.970283950841,4141495.338868974,-12.963058,6916.4307,0.2343725,0.084822826,Tizita
tizita177.wav,7.1724567e-06,0.004320226,0.07933980764549436,0.07304500256827033,1375.090379701796,273805.86457468575,2300.1610912405667,2365188.620066733,-15.794602,10934.964,0.22482716,0.08452118,Tizita
tizita178.wav,8.983373e-06,0.037831567,0.06099189123397487,0.05727188043767782,1533.422803636572,681143.8984440361,3245.8887058883997,5454304.61214133,-4.7869287,3407.1707,0.2422938,0.08806212,Tizita
tizita179.wav,2.5388039e-05,0.022537986,0.04695010304165665,0.04474579086603447,1058.0677088011714,331051.6618297568,1832.938916469137,2208554.8483167714,-5.111195,4785.085,0.26658517,0.08834273,Tizita
tizita180.wav,-1.6505934e-05,0.019728433,0.0387110128684164,0.03721247035111772,893.4543826039957,233151.21845809277,1442.31659431192,1525949.941326356,-6.3042827,5907.0293,0.2509245,0.08757869,Tizita
tizita181.wav,1.49830485e-05,0.02409616,0.048862761818794856,0.046475192326234586,965.1580651956265,202326.89386567124,1690.3397787466138,1407325.5620827118,-4.956275,4666.183,0.2578977,0.08486957,Tizita
tizita182.wav,-5.213217e-05,0.048697617,0.06670567583382095,0.06225602864537415,1839.834315443902,635838.03730896,4144.2916067023025,5901476.159224088,-2.629855,2238.7249,0.2715569,0.08753096,Tizita
tizita183.wav,3.3118467e-05,0.024170287,0.04149486757294941,0.039773043538052805,975.8270276458447,182560.01789708514,1551.3822856702302,1474737.183419766,-5.347724,5154.3076,0.2688116,0.08320793,Tizita
tizita184.wav,2.5439607e-05,0.0334017,0.04674602970750302,0.044560838414088276,1056.7029401457398,182196.09659551372,1769.3281771135441,1392516.6605374268,-4.55397,3749.0586,0.2868865,0.08664254,Tizita
tizita185.wav,3.2565244e-05,0.015465796,0.05941186876590417,0.05588209861564715,1282.0691652935811,331513.61078693095,2372.093989605505,1816512.3545163106,-4.6613784,4751.6265,0.32886752,0.08868306,Tizita
tizita186.wav,4.162493e-06,0.017529964,0.07781724053989897,0.07176171761465445,1649.3082309489905,398756.3255892946,3345.8964344886804,2141721.009922703,0.5298293,3357.858,0.33180037,0.09760707,Tizita
tizita187.wav,-3.873611e-05,0.019914823,0.07203844066146242,0.06684890372852739,1775.7717496871558,496397.74621715135,3673.594452943595,3309701.7529738066,0.24850166,2967.2217,0.3090098,0.100015536,Tizita
tizita188.wav,-5.712598e-05,0.008825396,0.08886263263896968,0.08096606515944117,1873.811570190207,370487.8817716447,3852.461571925754,3224024.9533082778,0.15227616,2797.0554,0.3328606,0.093711264,Tizita
tizita189.wav,-3.0467509e-05,0.025368813,0.09932520188755986,0.08945970615755533,2246.150214860135,721261.5886821221,4809.637583446208,4690724.180382615,1.1680628,2067.5254,0.31324944,0.101603806,Tizita
tizita190.wav,-2.6531266e-05,0.025814883,0.09087472765402195,0.0826165115278293,2135.536927175845,818223.9763627381,4539.705882352941,4481701.709361942,2.547974,2317.5808,0.30385157,0.10132792,Tizita
tizita191.wav,-2.1381538e-05,0.031204393,0.09910898828666598,0.08928639672745949,2327.8983315259707,572156.3520071844,5009.194710084897,2983824.2978779413,2.2610452,1624.2069,0.34266713,0.105167575,Tizita
tizita192.wav,-1.1697405e-05,0.002413017,0.07756707305096448,0.07155042222927088,1475.9961731137737,228642.3022363115,2836.212625525667,1074808.6503608315,-2.8078835,4664.3843,0.43495205,0.07721517,Tizita
tizita193.wav,1.2141119e-05,0.00010914394,0.15251053058318667,0.12925106864442157,2217.4606666476325,3162987.1276874645,4019.131910732027,5517088.380677194,-17.161436,12793.145,0.3734199,0.08198953,Tizita
